repo_full_name,id,number,title,state,comments,created_at,updated_at,closed_at,user_login,labels
jeecgboot/JeecgBoot,3564499720,9043,sys_user  depart_ids为空,open,0,2025-10-29T06:01:48Z,2025-10-29T06:01:48Z,,code00Way,bug
jeecgboot/JeecgBoot,3560542336,9041,运行前端：pnpm dev出错,closed,1,2025-10-28T09:15:38Z,2025-10-28T10:40:35Z,2025-10-28T10:40:35Z,weishenwen,bug
jeecgboot/JeecgBoot,3560237837,9040,多租户模式，权限分配问题,open,0,2025-10-28T07:46:58Z,2025-10-28T07:46:58Z,,moumoukings,bug
jeecgboot/JeecgBoot,3559889102,9039,3.8.3-master分支：租户用户 菜单下 新增用户报错,closed,1,2025-10-28T05:29:34Z,2025-10-28T05:40:38Z,2025-10-28T05:40:38Z,Decade1993,bug
jeecgboot/JeecgBoot,3559206913,9038,JVxeTable表格点击行选择BUG,open,0,2025-10-28T00:24:21Z,2025-10-28T00:24:21Z,,q060831,bug
jeecgboot/JeecgBoot,3557612104,9037,FillRuleUtil如果在定时器里使用会因为找不到HttpServletRequest报错,closed,2,2025-10-27T16:28:01Z,2025-10-28T01:36:01Z,2025-10-28T01:29:18Z,uni-lovelDragon,bug
jeecgboot/JeecgBoot,3556866403,9036,online 表单开发， 设置字段 控件类型为开关时，查看详情页时 开关字段显示原始值,open,1,2025-10-27T13:43:34Z,2025-10-28T01:52:34Z,,liuling1314,bug
jeecgboot/JeecgBoot,3556516529,9035,没有创建表embeddings,closed,3,2025-10-27T12:22:53Z,2025-10-28T03:06:40Z,2025-10-28T03:05:26Z,ak-2019,bug
jeecgboot/JeecgBoot,3555934448,9034,无法启动，报错：init flow executor cause error for path el_xml,open,3,2025-10-27T09:48:21Z,2025-10-28T05:36:19Z,,iwqian,bug
jeecgboot/JeecgBoot,3555842880,9033,jveTable的某行下拉框变化时 可以赋值同行其他的数据吗 分支是master,open,0,2025-10-27T09:26:57Z,2025-10-27T09:30:24Z,,wujian19881215001,help wanted
jeecgboot/JeecgBoot,3554919122,9032,功能菜单“系统管理”-“部门管理”，用户列表中，编辑用户界面-用户账号为空,open,1,2025-10-27T03:39:50Z,2025-10-28T01:54:52Z,,tongyurui,bug
jeecgboot/JeecgBoot,3554912281,9031,3.8.3-master分支，ai工作流编排，直接回复节点没有流式响应的开关,open,1,2025-10-27T03:35:47Z,2025-10-28T01:55:27Z,,sxx412,bug
jeecgboot/JeecgBoot,3554905065,9030,功能菜单“系统管理”-“部门管理”，用户列表中，编辑用户界面，用户账号为空,closed,0,2025-10-27T03:31:32Z,2025-10-27T05:28:35Z,2025-10-27T05:28:35Z,tongyurui,bug
jeecgboot/JeecgBoot,3554869600,9029,使用jeecgboot3.8.3版本的AI知识库向量化时构建失败,closed,1,2025-10-27T03:12:51Z,2025-10-28T01:55:58Z,2025-10-28T01:55:44Z,tyd357,bug
jeecgboot/JeecgBoot,3554641110,9028,通知公告增加一个滚动的通知类型,open,0,2025-10-27T00:42:59Z,2025-10-27T00:44:23Z,,chenkaiq,help wanted
jeecgboot/JeecgBoot,3552138436,9027,3.8.3新建module模块，最后一步重新加载所有Maven项目失败,open,3,2025-10-25T08:48:22Z,2025-10-28T01:56:29Z,,Chasejet,bug
jeecgboot/JeecgBoot,3551527129,9026,官方站点上面的功能有接口报错,open,0,2025-10-25T02:14:37Z,2025-10-25T02:14:37Z,,chinarenkai,bug
jeecgboot/JeecgBoot,3548457363,9025,BaseModal中选择日期等下拉框出现显示问题,closed,2,2025-10-24T09:22:41Z,2025-10-28T02:37:57Z,2025-10-28T01:57:04Z,Stefanxx,bug
jeecgboot/JeecgBoot,3548436104,9024,知识库查询有重排序吗,closed,1,2025-10-24T09:16:50Z,2025-10-24T09:32:04Z,2025-10-24T09:32:04Z,yunfeng13,help wanted
jeecgboot/JeecgBoot,3547972186,9023,AI聊天提交图片进行问答报错,closed,2,2025-10-24T07:10:21Z,2025-10-27T02:55:53Z,2025-10-27T02:55:53Z,LeoFengFromChina,bug
jeecgboot/JeecgBoot,3544062685,9022,排序问题（列表查看和导出）,open,0,2025-10-23T10:19:02Z,2025-10-23T10:19:02Z,,yuanxu-xsmy,bug
jeecgboot/JeecgBoot,3543472086,9021,basicTable表格的自定义onSelect不执行,open,0,2025-10-23T07:17:35Z,2025-10-23T07:17:35Z,,mjlxiaoma,bug
jeecgboot/JeecgBoot,3542997007,9020,设置默认导航栏模式为“顶部混合导航”无效,open,2,2025-10-23T03:28:21Z,2025-10-25T15:02:07Z,,LeoFengFromChina,bug
jeecgboot/JeecgBoot,3542856377,9019,独立数据源配置问题,closed,2,2025-10-23T01:50:41Z,2025-10-23T02:59:32Z,2025-10-23T02:20:29Z,lihongxing,
jeecgboot/JeecgBoot,3542840149,9018,验证码重复使用漏洞,closed,0,2025-10-23T01:38:10Z,2025-10-23T01:45:06Z,2025-10-23T01:45:06Z,67sw9cyfsw-png,bug
jeecgboot/JeecgBoot,3540448489,9017,测试环境中a-date-picker日期组件无法正常使用,closed,3,2025-10-22T11:20:28Z,2025-10-24T09:13:49Z,2025-10-24T09:13:49Z,Lslands11,bug
jeecgboot/JeecgBoot,3540053707,9016,AI编辑页面回答乱码,closed,2,2025-10-22T09:45:01Z,2025-10-28T01:57:53Z,2025-10-28T01:57:53Z,zongxing719,bug
jeecgboot/JeecgBoot,3540006964,9015,InputGroup 无法获取两个Input的值,open,0,2025-10-22T09:34:42Z,2025-10-22T09:34:42Z,,yuanxu-xsmy,bug
jeecgboot/JeecgBoot,3539961045,9014,online 配置高级关联记录列表显示不正常,open,2,2025-10-22T09:24:57Z,2025-10-27T01:18:34Z,,stoneppy,bug
jeecgboot/JeecgBoot,3539691074,9013,使用了旧版本的JeecgBoot 3.6.3 已经到生产业务，想同步升级到JeecgBoot 3.8.3 该如何升级旧的工程以及开放jeecgboot二方库的源码,closed,2,2025-10-22T08:29:58Z,2025-10-22T13:42:36Z,2025-10-22T09:23:54Z,ZhanshiXiang,bug
jeecgboot/JeecgBoot,3539326834,9012,online在线表单不能够修改默认pageSizeOptions,closed,1,2025-10-22T06:37:39Z,2025-10-22T06:40:48Z,2025-10-22T06:40:48Z,yourslight,bug
jeecgboot/JeecgBoot,3539239986,9011,前端数据字典下拉菜单能查询的已经删除的数据，怎么处理最好？,closed,2,2025-10-22T06:01:42Z,2025-10-22T06:43:43Z,2025-10-22T06:41:15Z,HaoMaGit,help wanted
jeecgboot/JeecgBoot,3539044403,9010,前端数据字典下拉菜单能查出已经删除的数据,closed,2,2025-10-22T04:12:13Z,2025-10-22T05:54:24Z,2025-10-22T05:37:55Z,HaoMaGit,help wanted
jeecgboot/JeecgBoot,3535359867,9008,jeecg3.8.3 打war包部署到tongweb7 M9上遇到报错,open,2,2025-10-21T07:48:04Z,2025-10-28T10:05:18Z,,LRJFOX,bug
jeecgboot/JeecgBoot,3535102503,9007,OCR识别使用通义千问的图片理解模型报错,closed,5,2025-10-21T06:30:53Z,2025-10-27T02:55:55Z,2025-10-27T02:55:55Z,wang420520,bug
jeecgboot/JeecgBoot,3534555753,9006,本添加本地部署的千问模型报错：java.lang.UnsupportedOperationException,open,4,2025-10-21T02:07:18Z,2025-10-23T03:24:36Z,,LeoFengFromChina,bug
jeecgboot/JeecgBoot,3532096536,9003,前端安装依赖警告,closed,1,2025-10-20T11:29:43Z,2025-10-28T01:57:29Z,2025-10-28T01:57:29Z,sshling,bug
jeecgboot/JeecgBoot,3531408664,9002,jeecg单体程序版本下，springboot启动后，多数据源主从数据库发送变化,closed,0,2025-10-20T07:45:48Z,2025-10-20T08:15:49Z,2025-10-20T08:15:49Z,mhj429,bug
jeecgboot/JeecgBoot,3530694326,9000,Online报表（带参数）预览后台报错,open,4,2025-10-20T01:22:14Z,2025-10-20T01:43:11Z,,chivasan,bug
jeecgboot/JeecgBoot,3528332211,8999,online表单 数据库排序问题确认,open,0,2025-10-18T08:38:49Z,2025-10-18T08:38:49Z,,sshling,bug
jeecgboot/JeecgBoot,3524062979,8998,定时报表导出发送到邮件配置项,closed,3,2025-10-17T01:25:53Z,2025-10-17T05:58:01Z,2025-10-17T01:35:33Z,18516518583,bug
jeecgboot/JeecgBoot,3523970098,8997,特定条件下AI助手失去响应,closed,4,2025-10-17T00:26:22Z,2025-10-21T10:18:00Z,2025-10-21T10:18:00Z,chivasan,bug
jeecgboot/JeecgBoot,3522386390,8996,分类字典树报错：操作失败，No static resource sys/category/loadDictItem.,closed,2,2025-10-16T15:24:46Z,2025-10-20T07:42:09Z,2025-10-20T07:42:09Z,foxaicc,bug
jeecgboot/JeecgBoot,3521259214,8995,批量删除id错误,closed,3,2025-10-16T10:28:53Z,2025-10-21T07:47:12Z,2025-10-21T07:47:12Z,sshling,bug
jeecgboot/JeecgBoot,3520996192,8994,自定义根路径问题,closed,2,2025-10-16T09:09:23Z,2025-10-16T10:35:09Z,2025-10-16T10:35:09Z,youxiu03,bug
jeecgboot/JeecgBoot,3520850086,8993,代码生成关于uniapp/uniapp3的自定义,closed,1,2025-10-16T08:25:53Z,2025-10-16T09:00:02Z,2025-10-16T09:00:02Z,sshling,help wanted
jeecgboot/JeecgBoot,3520643301,8992,在线表单列表的自带按钮和自定义按钮的权限只能在online表单开发菜单配置和授权么？,closed,3,2025-10-16T07:19:48Z,2025-10-16T10:34:35Z,2025-10-16T09:02:27Z,tb2888,help wanted
jeecgboot/JeecgBoot,3520206324,8991,online表单开发 编辑弹窗 子表部分不显示导致 无法使用,closed,6,2025-10-16T03:49:18Z,2025-10-17T01:28:09Z,2025-10-17T01:28:09Z,cym1231,bug
jeecgboot/JeecgBoot,3520187186,8990,package.json里面添加type:module后启动报错,closed,2,2025-10-16T03:35:13Z,2025-10-16T06:05:51Z,2025-10-16T05:56:55Z,amorhe,bug
jeecgboot/JeecgBoot,3519291422,8989,"代码生成器不生成APP的代码了，如果views下再加一个目录,生成的UI不能自动到这个目录",closed,1,2025-10-15T19:25:07Z,2025-10-16T08:59:12Z,2025-10-16T08:59:12Z,lifeizhan,bug
jeecgboot/JeecgBoot,3517538560,8988,使用代码生成器，生树结构表格，生出来不是树,closed,7,2025-10-15T11:10:06Z,2025-10-17T09:40:19Z,2025-10-17T09:40:19Z,zwy66666,bug
jeecgboot/JeecgBoot,3517271571,8987,package.json文件里面添加type:module后启动报错,closed,2,2025-10-15T09:57:38Z,2025-10-15T10:08:39Z,2025-10-15T09:59:53Z,amorhe,bug
jeecgboot/JeecgBoot,3517172608,8986,macOS系统代码生成，无法选择本地路径，手动输入也不行,closed,0,2025-10-15T09:28:36Z,2025-10-15T10:08:25Z,2025-10-15T10:08:25Z,BigBrotherLiZhixian,bug
jeecgboot/JeecgBoot,3517143386,8985,不应该强制cas配置,closed,1,2025-10-15T09:20:21Z,2025-10-16T08:56:29Z,2025-10-16T08:56:28Z,sshling,bug
jeecgboot/JeecgBoot,3516963939,8983,mongodb连接不上,closed,1,2025-10-15T08:32:21Z,2025-10-15T10:01:08Z,2025-10-15T10:01:08Z,sshling,bug
jeecgboot/JeecgBoot,3516773686,8982,AI流程设计中目前是否支持开发者开发个人节点使用,closed,1,2025-10-15T07:38:45Z,2025-10-15T09:25:07Z,2025-10-15T09:25:07Z,eyeofcloud,help wanted
jeecgboot/JeecgBoot,3516338231,8981,Microsoft SQL Server 2008支持问题,closed,7,2025-10-15T04:58:21Z,2025-10-15T06:54:55Z,2025-10-15T06:47:51Z,rechardNerd,bug
jeecgboot/JeecgBoot,3516159286,8980,打包找不到jeecg-aiflow:pom:3.8.3.1,closed,1,2025-10-15T03:04:31Z,2025-10-15T03:08:33Z,2025-10-15T03:08:33Z,rechardNerd,bug
jeecgboot/JeecgBoot,3516010143,8979,@Execl注解导入时报错LoaclDate,closed,2,2025-10-15T01:19:21Z,2025-10-15T06:49:22Z,2025-10-15T01:24:27Z,liaoyg123,bug
jeecgboot/JeecgBoot,3513559838,8978,AI应用管理，点击演示，没有反应，卡死,closed,10,2025-10-14T11:49:10Z,2025-10-15T01:58:16Z,2025-10-15T01:48:18Z,yangfeng005,bug
jeecgboot/JeecgBoot,3513206988,8977,使用代码生成器生成代码报错,closed,11,2025-10-14T09:56:06Z,2025-10-15T01:53:40Z,2025-10-15T01:29:23Z,zwy66666,bug
jeecgboot/JeecgBoot,3512794043,8976,FormSchema配置componentProps为函数返回valueType: 'Array‘时在useListPage 的查询接口中仍旧是获取到类型为string,open,3,2025-10-14T07:56:13Z,2025-10-15T02:29:02Z,,rongrong-wan,bug
jeecgboot/JeecgBoot,3512754669,8975,Microsoft SQL Server 2008支持问题,closed,3,2025-10-14T07:43:00Z,2025-10-14T08:57:43Z,2025-10-14T08:57:43Z,rechardNerd,bug
jeecgboot/JeecgBoot,3512572051,8974,BasicTable footer插槽数据错误以及无法固定在分页器上边,open,2,2025-10-14T06:40:01Z,2025-10-15T02:57:16Z,,mjlxiaoma,bug
jeecgboot/JeecgBoot,3512131380,8973,master分支 内出现 对象存在但是无法被识别的情况,closed,3,2025-10-14T02:35:22Z,2025-10-16T03:50:14Z,2025-10-16T03:50:14Z,cym1231,bug
jeecgboot/JeecgBoot,3512099879,8972,通义千问的多模态模型如：qwen3-vl-plus 保存激活报错。,closed,5,2025-10-14T02:15:27Z,2025-10-14T14:32:35Z,2025-10-14T14:32:35Z,Linkai-W,bug
jeecgboot/JeecgBoot,3512071301,8971,大屏页面自己配置也不能正常显示,closed,2,2025-10-14T01:57:24Z,2025-10-14T09:02:13Z,2025-10-14T08:57:17Z,liujunsz,
jeecgboot/JeecgBoot,3512027692,8970,ai模型配置选用通义千问向量模型baseurl拼接不正确,closed,3,2025-10-14T01:33:52Z,2025-10-24T08:38:05Z,2025-10-24T08:38:05Z,nullPointer0123,bug
jeecgboot/JeecgBoot,3511959845,8969,Minio上传文件失败,closed,2,2025-10-14T00:55:16Z,2025-10-15T00:41:23Z,2025-10-15T00:41:23Z,zongxing719,bug
jeecgboot/JeecgBoot,3511947139,8968,"AI模型激活时, 智谱/千问报错UnsupportedOperationException",closed,2,2025-10-14T00:46:49Z,2025-10-14T02:04:47Z,2025-10-14T01:24:43Z,Linkai-W,bug
jeecgboot/JeecgBoot,3509557768,8967,菜单显示逻辑请教,closed,1,2025-10-13T11:01:18Z,2025-10-15T02:05:08Z,2025-10-15T02:05:08Z,fireinjava,bug
jeecgboot/JeecgBoot,3509328823,8966,jeecgboot 3.8.3 关于projectSetting.ts菜单配置默认想配置成顶部混合导航模式不生效,closed,2,2025-10-13T10:05:50Z,2025-10-25T10:38:16Z,2025-10-15T02:45:10Z,robert88-luo,bug
jeecgboot/JeecgBoot,3509235919,8965,j-vxe-table中type:JVxeTypes.selectDictSearch不生效,closed,1,2025-10-13T09:39:22Z,2025-10-15T02:12:03Z,2025-10-15T02:12:02Z,Stefanxx,help wanted
jeecgboot/JeecgBoot,3509143232,8964,大屏页面无复制SQL的按钮,closed,1,2025-10-13T09:11:40Z,2025-10-13T09:13:38Z,2025-10-13T09:13:38Z,liujunsz,
jeecgboot/JeecgBoot,3509087965,8963,不知道怎么发布大屏页面,closed,1,2025-10-13T08:56:03Z,2025-10-13T09:03:59Z,2025-10-13T09:03:59Z,liujunsz,
jeecgboot/JeecgBoot,3509042134,8962,分库分表错误,closed,7,2025-10-13T08:42:45Z,2025-10-14T08:55:10Z,2025-10-14T08:55:10Z,wsygt,bug
jeecgboot/JeecgBoot,3508996865,8961,最新版的不能用流程设计,closed,0,2025-10-13T08:28:33Z,2025-10-13T08:29:48Z,2025-10-13T08:29:48Z,lizhu-sudo,
jeecgboot/JeecgBoot,3508991178,8960,如何实现online表单页面列表不初始化数据,closed,1,2025-10-13T08:27:02Z,2025-10-13T08:30:05Z,2025-10-13T08:29:54Z,fengyun88,bug
jeecgboot/JeecgBoot,3508862886,8959,pnpm install后启动项目报错,closed,5,2025-10-13T07:43:07Z,2025-10-13T08:21:42Z,2025-10-13T07:52:33Z,mjlxiaoma,bug
jeecgboot/JeecgBoot,3508291560,8958,一般用户密码修改权限设定问题,closed,4,2025-10-13T03:02:02Z,2025-10-13T07:33:52Z,2025-10-13T03:45:55Z,jnjzzjd,bug
jeecgboot/JeecgBoot,3508094615,8957,定时任务统一,open,0,2025-10-13T00:29:20Z,2025-10-13T00:29:20Z,,sshling,help wanted
jeecgboot/JeecgBoot,3507381451,8956,手机钉钉免登，无法重定向地址 /pages/login/login?tenantId=租戶id,closed,2,2025-10-12T15:30:26Z,2025-10-21T10:09:24Z,2025-10-21T03:38:26Z,park96323,bug
jeecgboot/JeecgBoot,3505590267,8955,"AI模型激活时, 智谱/千问报错UnsupportedOperationException",closed,1,2025-10-11T10:24:26Z,2025-10-13T02:59:50Z,2025-10-13T02:59:50Z,MLeft,
jeecgboot/JeecgBoot,3505590266,8954,"AI模型激活时, 智谱/千问报错UnsupportedOperationException",closed,1,2025-10-11T10:24:26Z,2025-10-13T05:35:28Z,2025-10-11T10:25:06Z,MLeft,
jeecgboot/JeecgBoot,3505280202,8953,关于sys_user  org_code的疑问。,closed,1,2025-10-11T06:20:00Z,2025-10-11T10:38:03Z,2025-10-11T10:38:03Z,lanbohello163,help wanted
jeecgboot/JeecgBoot,3505138115,8952,导入功能，多单元格多图片无法导入第二张,closed,5,2025-10-11T04:10:21Z,2025-10-13T03:31:33Z,2025-10-13T03:31:33Z,zhangyicai,bug
jeecgboot/JeecgBoot,3505100362,8951,从jeecgboot 3.8.2 升级到 3.8.3 在线表单java增强功能报错,closed,17,2025-10-11T03:23:19Z,2025-10-29T11:13:58Z,2025-10-11T10:34:18Z,robert88-luo,bug
jeecgboot/JeecgBoot,3504897220,8950,jeecgboot3.4.3后台，能不能同时支持vue2和vue3两个前端使用,closed,4,2025-10-11T00:43:53Z,2025-10-11T01:29:47Z,2025-10-11T00:47:08Z,liaoyg123,
jeecgboot/JeecgBoot,3504857607,8949,jeecgboot框架下怎样才能做到AI聊天时联网查询？还有如何做到语音识别？,closed,3,2025-10-11T00:24:23Z,2025-10-11T10:34:55Z,2025-10-11T03:38:16Z,MiaoHui999,help wanted
jeecgboot/JeecgBoot,3502116661,8948,maven私服上包缺失了吗，前几天还能下载到，今天突然不行了,closed,1,2025-10-10T09:41:57Z,2025-10-10T09:57:14Z,2025-10-10T09:57:14Z,Gelilory,bug
jeecgboot/JeecgBoot,3501886502,8947,online表单开发里根据角色设置了部分字段权限(不能查看编辑)，在做表单编辑的时候，会把限制字段变为空,closed,2,2025-10-10T08:25:37Z,2025-10-24T08:30:00Z,2025-10-24T08:30:00Z,mtty123456,bug
jeecgboot/JeecgBoot,3501875168,8946,部门角色无法配置首页,closed,1,2025-10-10T08:21:49Z,2025-10-10T08:40:30Z,2025-10-10T08:40:30Z,tongyurui,help wanted
jeecgboot/JeecgBoot,3501869683,8945,日志注解@AutoLog 多文件上传时报错,closed,1,2025-10-10T08:20:06Z,2025-10-10T10:21:37Z,2025-10-10T10:21:37Z,tongyurui,bug
jeecgboot/JeecgBoot,3501709432,8944,jeecgboot master分支jdk1.8无法启动,closed,2,2025-10-10T07:28:49Z,2025-10-10T08:12:54Z,2025-10-10T08:12:54Z,RailyMay,bug
jeecgboot/JeecgBoot,3501646142,8943,pom中有一些不用的包可以去除掉,closed,1,2025-10-10T07:05:24Z,2025-10-10T07:45:00Z,2025-10-10T07:45:00Z,zongxing719,bug
jeecgboot/JeecgBoot,3501228732,8942,使用积木报表的AI生成SQL语句时，点击“生成SQL”后一直显示在选择合适的库表，卡住不动了。,closed,3,2025-10-10T03:25:10Z,2025-10-17T08:57:03Z,2025-10-17T08:57:03Z,MiaoHui999,bug
jeecgboot/JeecgBoot,3501078454,8940,前端下拉选择列表通过字典查出来的，怎么设置权限？,closed,3,2025-10-10T01:38:03Z,2025-10-10T03:20:00Z,2025-10-10T01:55:03Z,HaoMaGit,bug
jeecgboot/JeecgBoot,3501061420,8939,上传组件点击后没有反应，选择岗位时无法选中树节点,closed,2,2025-10-10T01:23:45Z,2025-10-11T03:16:22Z,2025-10-11T03:16:22Z,yangfeng005,bug
jeecgboot/JeecgBoot,3499134803,8937,首页无法隐藏或修改,closed,1,2025-10-09T13:15:23Z,2025-10-12T02:18:30Z,2025-10-12T02:18:30Z,JXksz,bug
jeecgboot/JeecgBoot,3498436776,8936,前端-useListPage当是动态columns的时候，修改列顺序页面columns的时候列表变成空了，数据也被清空了,closed,3,2025-10-09T09:50:34Z,2025-10-10T01:59:33Z,2025-10-10T01:49:01Z,523varaChen,bug
jeecgboot/JeecgBoot,3498248846,8935,导出Excel，合并单元格 一部分合并了 一部分没有合并,closed,1,2025-10-09T08:56:56Z,2025-10-10T01:49:57Z,2025-10-10T01:49:57Z,Feike1993,bug
jeecgboot/JeecgBoot,3498216034,8934,省市区级联选择组件是否支持多选,closed,1,2025-10-09T08:47:26Z,2025-10-10T01:42:14Z,2025-10-10T01:42:14Z,liuyouchang,help wanted
jeecgboot/JeecgBoot,3497889613,8933,内嵌子表主题（一对多）列表点+号展开明细提示：无权限访问(操作),closed,14,2025-10-09T07:01:28Z,2025-10-22T11:56:13Z,2025-10-22T11:56:12Z,tb2888,bug
jeecgboot/JeecgBoot,3497826174,8932,表单显隐藏控制，控制一个查询数据是否隐藏，本来有4个会显示展开收起，但是现在控制了一个权限，虽然只有3个了但是还是显示展开收起，有没有啥办法，不想调个数,closed,1,2025-10-09T06:35:54Z,2025-10-09T06:37:21Z,2025-10-09T06:37:21Z,HaoMaGit,bug
jeecgboot/JeecgBoot,3497475412,8931,多租户管理跟租户用户 邀请用户加入 建议采用部门选择用户方式,closed,1,2025-10-09T03:08:07Z,2025-10-09T03:22:13Z,2025-10-09T03:22:13Z,chenkaiq,help wanted
jeecgboot/JeecgBoot,3497277083,8930,AI应用的大模型更换后，打开对话窗口提问时仍然调用的旧模型地址。,closed,5,2025-10-09T00:46:45Z,2025-10-24T08:38:57Z,2025-10-24T08:38:57Z,MiaoHui999,bug
jeecgboot/JeecgBoot,3495104880,8929,Jeecgboot 登录配置 不允许或允许多设备登录,closed,4,2025-10-08T11:49:09Z,2025-10-16T10:54:18Z,2025-10-16T10:54:18Z,chenkaiq,help wanted
jeecgboot/JeecgBoot,3490654544,8928,"jeecgboot 切换jdk1.8教程不完整问题, 无法启动",closed,7,2025-10-07T09:18:12Z,2025-10-10T10:54:12Z,2025-10-09T06:09:43Z,yilongmd,bug
jeecgboot/JeecgBoot,3478534781,8926,JVxeTable 级联，当列设置为字典时，选中后回显了值（应该显示文本）。,closed,3,2025-10-02T18:41:20Z,2025-10-20T09:32:25Z,2025-10-20T09:32:25Z,muzili902,bug
jeecgboot/JeecgBoot,3476818940,8925,online报表和online表单无法打开，浏览器报错,closed,1,2025-10-02T09:40:38Z,2025-10-09T06:27:50Z,2025-10-09T06:27:50Z,honorchen,bug
jeecgboot/JeecgBoot,3475812396,8924,EditableCell.vue 点击单元格对号之后，会过滤掉表格的id字段，导致无法更新数据。,closed,2,2025-10-02T03:07:00Z,2025-10-10T07:21:50Z,2025-10-10T07:21:50Z,zxlmmmm,
jeecgboot/JeecgBoot,3471575663,8923,3.8.3版本使用jdk21在linux上启动报错,closed,5,2025-10-01T00:54:39Z,2025-10-08T08:31:49Z,2025-10-08T08:31:49Z,jjl123456,bug
jeecgboot/JeecgBoot,3468368492,8922,在AI应用中直接调用通义千问大模型，提问时报错。,closed,3,2025-09-30T09:17:34Z,2025-10-10T04:01:10Z,2025-10-10T04:01:10Z,MiaoHui999,bug
jeecgboot/JeecgBoot,3467767918,8921,请问现在支持MCP了吗？,closed,6,2025-09-30T06:28:02Z,2025-10-15T10:39:24Z,2025-10-05T08:31:05Z,MiaoHui999,help wanted
jeecgboot/JeecgBoot,3467758316,8920,报表展示pdf内容,closed,1,2025-09-30T06:24:06Z,2025-09-30T07:49:03Z,2025-09-30T07:49:03Z,yujiayong123,
jeecgboot/JeecgBoot,3467177147,8918,JVxeTable使用了点击单元格才显示编辑，每次新增一行时，popup类型的组件的列会显示编辑，然后再次点击其他地方就隐藏了,closed,7,2025-09-30T01:22:36Z,2025-10-13T09:13:13Z,2025-10-13T09:12:23Z,Stefanxx,help wanted
jeecgboot/JeecgBoot,3464270688,8917,使用饼图时，标签中间的格式时，切换图例会有残影,closed,1,2025-09-29T10:22:13Z,2025-09-29T10:41:12Z,2025-09-29T10:41:12Z,snkever,bug
jeecgboot/JeecgBoot,3463630109,8916,国产数据库,closed,1,2025-09-29T07:30:18Z,2025-09-29T07:32:52Z,2025-09-29T07:32:52Z,dasdsdqweqw,
jeecgboot/JeecgBoot,3463429389,8915,下拉框选择后，失去焦点，选择就又没了,closed,1,2025-09-29T06:18:00Z,2025-09-29T07:37:36Z,2025-09-29T07:37:36Z,sshling,bug
jeecgboot/JeecgBoot,3463066411,8914,在线表单 mysql  BIGINT AUTO_INCREMENT 功能测试无法修改,closed,1,2025-09-29T03:25:29Z,2025-09-29T05:34:43Z,2025-09-29T05:34:43Z,sshling,bug
jeecgboot/JeecgBoot,3463039056,8913,校验字段选择数字，没勾选必填，也提示请输入数字，校验未通过,closed,8,2025-09-29T03:09:32Z,2025-09-29T08:50:39Z,2025-09-29T07:19:37Z,tb2888,bug
jeecgboot/JeecgBoot,3462922034,8912,日期选择器相关组件 日期格式发生变化,closed,3,2025-09-29T01:51:34Z,2025-09-29T04:06:20Z,2025-09-29T04:06:20Z,mhj429,bug
jeecgboot/JeecgBoot,3461604091,8911,dict/getDictItems/{dictCode}接口会被WAF拦截,closed,2,2025-09-28T11:00:25Z,2025-10-11T03:59:44Z,2025-10-11T03:59:44Z,953077065,bug
jeecgboot/JeecgBoot,3461433969,8910,列表JS增强怎么不像表单JS增强一样有个loaded 方法呢,closed,1,2025-09-28T09:17:13Z,2025-09-29T07:34:31Z,2025-09-29T07:33:22Z,tb2888,help wanted
jeecgboot/JeecgBoot,3461417475,8909,mysql  8.4 数据库字段类型为bigint ，代码生成为Integer,closed,1,2025-09-28T09:07:01Z,2025-09-29T02:12:21Z,2025-09-29T02:12:21Z,sshling,bug
jeecgboot/JeecgBoot,3461171284,8908,"知识库命中测试，输入无关的文字命中率也会达到0.65以上,会匹配出来无关的数据",closed,2,2025-09-28T06:28:40Z,2025-10-13T02:57:33Z,2025-10-13T02:57:33Z,wlj58,bug
jeecgboot/JeecgBoot,3460930462,8907,3.8.3版本，达梦驱动8.1.3.140，连达梦数据库启动system微服务出现can not found liteflow config错误,closed,6,2025-09-28T01:31:28Z,2025-09-28T02:29:46Z,2025-09-28T02:29:23Z,xx957491-hue,bug
jeecgboot/JeecgBoot,3456780218,8906,添加AI模型保存并激活的时候报错：测试模型连接失败：调用大模型接口失败，详情请查看后台日志。,closed,5,2025-09-26T10:01:16Z,2025-10-13T05:36:28Z,2025-10-13T02:55:33Z,zongxing719,bug
jeecgboot/JeecgBoot,3456237698,8905,配置完host之后还是连接的是本地的redis,closed,1,2025-09-26T08:00:03Z,2025-09-27T03:21:28Z,2025-09-27T03:21:28Z,jiang141213,bug
jeecgboot/JeecgBoot,3455983033,8904,excel自动导出后，点击下载提示没有权限，加上token就可以访问是那里没有配置吗,closed,1,2025-09-26T06:33:42Z,2025-09-28T06:15:42Z,2025-09-28T06:15:42Z,augus123456789,bug
jeecgboot/JeecgBoot,3455681872,8903,登录认证bug,closed,3,2025-09-26T03:41:39Z,2025-09-26T05:51:37Z,2025-09-26T04:59:34Z,vixiaobai,bug
jeecgboot/JeecgBoot,3455532014,8902,BasicTable按照多字段自定义排序未生效,closed,3,2025-09-26T02:06:39Z,2025-10-10T07:37:24Z,2025-10-10T07:37:24Z,snkever,bug
jeecgboot/JeecgBoot,3455525483,8901,online表单，列表的创建人不能显示用户姓名,closed,2,2025-09-26T02:02:43Z,2025-09-28T03:53:01Z,2025-09-26T05:26:08Z,fengyun88,bug
jeecgboot/JeecgBoot,3455463151,8900,3.8.3版本能正常连接sqlserver数据库，但是无法解析查询代码,closed,6,2025-09-26T01:16:19Z,2025-09-29T03:57:28Z,2025-09-29T03:57:27Z,qinzisi,bug
jeecgboot/JeecgBoot,3452534666,8899,使用分类字典报错,closed,3,2025-09-25T08:26:58Z,2025-09-29T02:27:25Z,2025-09-29T02:27:25Z,wsygt,bug
jeecgboot/JeecgBoot,3452272078,8898,JMarkdownEditor显示样式问题,closed,2,2025-09-25T07:20:04Z,2025-10-09T06:33:39Z,2025-10-09T06:33:39Z,whb3246,help wanted
jeecgboot/JeecgBoot,3451729948,8897,Oracle11g数据库 多租户管理>>添加租户 报错,closed,3,2025-09-25T03:31:23Z,2025-09-25T04:42:33Z,2025-09-25T04:42:33Z,chenkaiq,bug
jeecgboot/JeecgBoot,3449231223,8894,积木报表中的查询控件下拉树-查询结果不是树状问题,closed,0,2025-09-24T12:29:04Z,2025-09-24T12:29:30Z,2025-09-24T12:29:30Z,LycheeDad,bug
jeecgboot/JeecgBoot,3448500898,8893,redisTemplate冲突,closed,4,2025-09-24T09:16:45Z,2025-09-29T04:13:52Z,2025-09-29T04:13:52Z,sshling,bug
jeecgboot/JeecgBoot,3448041344,8892,AutoPoi ImageEntity建议添加scale属性，控制图片导出缩放模式,open,2,2025-09-24T07:12:39Z,2025-10-29T11:02:10Z,,Dro9an,help wanted
jeecgboot/JeecgBoot,3447871322,8891,你们的仓库是不是没有这个包：jeecg-boot-starter-job,closed,1,2025-09-24T06:29:10Z,2025-09-24T06:36:27Z,2025-09-24T06:36:27Z,Muerli,
jeecgboot/JeecgBoot,3447179181,8890,BasicTable 表格中自定义默认排序不能为@TableField(exist = false)字段,closed,1,2025-09-24T01:17:59Z,2025-09-24T02:17:54Z,2025-09-24T02:17:54Z,snkever,bug
jeecgboot/JeecgBoot,3444451533,8889,本地连接nacos,closed,1,2025-09-23T09:31:05Z,2025-09-23T11:35:35Z,2025-09-23T11:35:35Z,jiafangbin,
jeecgboot/JeecgBoot,3443975965,8888,Online表单开发，关于树形表的导出问题,open,1,2025-09-23T07:01:43Z,2025-09-29T02:33:38Z,,jnjzzjd,bug
jeecgboot/JeecgBoot,3443268205,8887,JxeTable实现高亮行，按键导航跟随光标移动，高亮行未跟随,closed,0,2025-09-23T01:05:10Z,2025-09-23T02:14:32Z,2025-09-23T02:14:32Z,chenmonkey,bug
jeecgboot/JeecgBoot,3440127593,8886,nacos是否开启鉴权后，gateway连不上,closed,3,2025-09-22T10:05:17Z,2025-09-23T01:29:24Z,2025-09-23T01:29:24Z,niehanmin8186,bug
jeecgboot/JeecgBoot,3439302293,8885,生成代码部署的表单样式效果 和 构建在线表单测试效果 差异问题,closed,1,2025-09-22T05:52:14Z,2025-09-24T06:03:51Z,2025-09-24T06:03:51Z,jnjzzjd,bug
jeecgboot/JeecgBoot,3438786752,8884,Online表单开发，多文件下载问题,closed,1,2025-09-22T00:42:12Z,2025-09-29T02:07:31Z,2025-09-29T02:07:31Z,jnjzzjd,help wanted
jeecgboot/JeecgBoot,3438320323,8882,maven-resources-plugin 只能最高 3.1.0,closed,1,2025-09-21T14:59:36Z,2025-09-23T02:10:33Z,2025-09-23T02:10:33Z,sshling,bug
jeecgboot/JeecgBoot,3437805153,8881,dynamic-datasource can not find primary datasource,closed,1,2025-09-21T04:27:54Z,2025-09-24T06:24:20Z,2025-09-24T06:24:20Z,okpiaoxuefeng,bug
jeecgboot/JeecgBoot,3436860295,8880,关于BasicTable组件自适应高度的建议,closed,2,2025-09-20T07:33:30Z,2025-10-09T07:08:35Z,2025-10-09T07:08:35Z,q060831,help wanted
jeecgboot/JeecgBoot,3436477594,8879,MaxKey SSO 第三方登录异常：跳转后进入 thirdLogin.ftl 页面即自动关闭,closed,4,2025-09-20T02:56:17Z,2025-10-20T09:32:03Z,2025-10-20T09:32:03Z,YEjia6,bug
jeecgboot/JeecgBoot,3433124001,8877,basicTable合计行bug,closed,2,2025-09-19T06:50:57Z,2025-09-29T02:27:58Z,2025-09-29T02:27:58Z,guoyagang,bug
jeecgboot/JeecgBoot,3432729600,8876,代码生成的页面，字段的关联记录正常，但是他表字段显示不正常，ERP一对多界面也不显示子表内容。,open,3,2025-09-19T04:36:43Z,2025-09-29T07:22:16Z,,zoe111c,bug
jeecgboot/JeecgBoot,3430597402,8875,AIGC是否支持大模型的工具调用,closed,4,2025-09-18T14:18:08Z,2025-10-13T05:37:03Z,2025-09-29T02:05:06Z,KongZouXiang,help wanted
jeecgboot/JeecgBoot,3429116037,8873,vue2版本2.4.2是否可以升级至最新版vue3？vue3框架能否js和ts混合用？,closed,1,2025-09-18T07:46:32Z,2025-09-24T06:02:51Z,2025-09-24T06:02:51Z,Stefanxx,help wanted
jeecgboot/JeecgBoot,3428536313,8872,在线设计,closed,0,2025-09-18T03:42:59Z,2025-09-18T07:21:07Z,2025-09-18T07:21:07Z,langmanfensuiji,
jeecgboot/JeecgBoot,3428495736,8871,导出时设置excel样式和格式失败,closed,1,2025-09-18T03:22:16Z,2025-09-24T02:18:44Z,2025-09-24T02:18:38Z,leoMj,
jeecgboot/JeecgBoot,3428454514,8870,@JRepeat 注解  问题,closed,2,2025-09-18T02:57:30Z,2025-09-28T14:30:30Z,2025-09-28T14:30:30Z,YangYYK,bug
jeecgboot/JeecgBoot,3428439149,8869,jdk 21 下引用jeecg-boot-starter-rabbitmq报错 BeanDefinitionParsingException: Configuration problem: @Bean method 'initQueue' must not be declared as void; change the method's return type or its annotation.,closed,1,2025-09-18T02:50:02Z,2025-09-18T07:21:02Z,2025-09-18T07:21:01Z,liubing67,bug
jeecgboot/JeecgBoot,3428359199,8868,jeecg-boot-starter-mongon包v3.8.2缺失,closed,1,2025-09-18T02:10:11Z,2025-09-24T05:58:29Z,2025-09-24T05:58:29Z,handsomestWei,bug
jeecgboot/JeecgBoot,3426325542,8867,online表单，上传控件是否支持配置上传文件路径,closed,2,2025-09-17T13:28:41Z,2025-09-28T14:22:37Z,2025-09-28T14:22:28Z,anlem12,bug
jeecgboot/JeecgBoot,3425377858,8866,前端启动的时候报错，vite.config.ts,closed,8,2025-09-17T09:05:33Z,2025-09-18T08:54:01Z,2025-09-17T09:31:44Z,chenshouzuo,bug
jeecgboot/JeecgBoot,3425134522,8865,online模块中关联记录中的显示方式配置了下拉，在功能测试表单中输入关键字后台提示错误,closed,0,2025-09-17T07:56:56Z,2025-09-24T05:58:37Z,2025-09-24T05:58:37Z,k0521klb,bug
jeecgboot/JeecgBoot,3425132083,8864,online模块中关联记录中的显示方式配置了下拉，在功能测试表单中输入关键字后台提示错误,closed,3,2025-09-17T07:56:16Z,2025-10-11T03:58:46Z,2025-10-11T03:58:32Z,k0521klb,bug
jeecgboot/JeecgBoot,3424345796,8863,online中页面属性的关联记录的其他字段是否可以配置超过6个,closed,1,2025-09-17T02:26:28Z,2025-09-24T02:19:33Z,2025-09-24T02:19:33Z,k0521klb,help wanted
jeecgboot/JeecgBoot,3424316568,8862,online中的列表如果第一列固定就出现带 +号的列在向右滑动的时候被错位隐藏,closed,1,2025-09-17T02:16:30Z,2025-09-29T07:25:27Z,2025-09-29T07:25:26Z,k0521klb,bug
jeecgboot/JeecgBoot,3421373170,8861,钉钉扫码登录失败，租户id默认0可以优化,closed,2,2025-09-16T09:39:39Z,2025-10-09T06:24:52Z,2025-10-09T06:24:52Z,fsxzxl,help wanted
jeecgboot/JeecgBoot,3421362182,8860,系统管理-用户管理-代理人设置在文档中未无功能描述,closed,1,2025-09-16T09:36:46Z,2025-09-23T01:36:58Z,2025-09-23T01:36:58Z,leiyin1213,help wanted
jeecgboot/JeecgBoot,3421001124,8859,online表单java增强失效,closed,4,2025-09-16T08:07:40Z,2025-10-10T09:56:21Z,2025-10-10T09:56:21Z,mtty123456,bug
jeecgboot/JeecgBoot,3420522489,8858,online表单中表类型是附表的情况下无法使用关联记录功能,open,3,2025-09-16T05:45:40Z,2025-10-11T09:26:06Z,,k0521klb,help wanted
jeecgboot/JeecgBoot,3420314688,8857,online表单创建后其他用户无法访问,closed,2,2025-09-16T04:27:59Z,2025-09-29T02:28:43Z,2025-09-29T02:28:43Z,dydy573,
jeecgboot/JeecgBoot,3420004866,8856,vue3.7版本路由配置相关问题,closed,1,2025-09-16T01:33:42Z,2025-09-24T06:17:34Z,2025-09-24T06:17:34Z,Yinsir2,
jeecgboot/JeecgBoot,3419993963,8855,公告查看详情页面-查看路径错误,closed,2,2025-09-16T01:27:29Z,2025-09-25T01:33:55Z,2025-09-25T01:33:55Z,lanbohello163,bug
jeecgboot/JeecgBoot,3416083245,8854,Online表单开发未更新表描述,closed,2,2025-09-15T02:59:12Z,2025-09-24T02:19:58Z,2025-09-24T02:19:48Z,lanbohello163,bug
jeecgboot/JeecgBoot,3415970727,8853,生产环境启动报错：NoClassDefFoundError: org/apache/tomcat/util/http/fileupload/FileItemStream,closed,3,2025-09-15T01:49:22Z,2025-09-24T06:02:05Z,2025-09-24T06:02:05Z,tb2888,bug
jeecgboot/JeecgBoot,3415099795,8852,"启动项目报错：类文件具有错误的版本 61.0, 应为 52.0",closed,1,2025-09-14T14:18:04Z,2025-09-15T01:30:49Z,2025-09-15T01:30:49Z,hetintin,bug
jeecgboot/JeecgBoot,3413520514,8851,生成代码简化类型,closed,1,2025-09-13T13:49:18Z,2025-09-29T07:37:16Z,2025-09-29T07:37:16Z,sshling,help wanted
jeecgboot/JeecgBoot,3413508649,8850,在线表单支持ID自增长,closed,1,2025-09-13T13:44:05Z,2025-09-24T06:00:40Z,2025-09-24T06:00:40Z,sshling,help wanted
jeecgboot/JeecgBoot,3413481993,8849,在线表单的脱敏配置,closed,1,2025-09-13T13:28:08Z,2025-09-29T07:29:07Z,2025-09-29T07:29:06Z,sshling,help wanted
jeecgboot/JeecgBoot,3412918435,8848,不同访问路径使用同一个组件的情况下该如何设置路由缓存,closed,2,2025-09-13T08:47:15Z,2025-09-29T10:37:21Z,2025-09-29T10:37:21Z,q060831,bug
jeecgboot/JeecgBoot,3412706839,8847,BasicTable 表格的x滚动条,closed,1,2025-09-13T06:06:21Z,2025-09-24T06:20:40Z,2025-09-24T06:20:39Z,wln111,bug
jeecgboot/JeecgBoot,3409690835,8845,pnpm i 后无法运行,closed,13,2025-09-12T09:32:22Z,2025-09-18T09:33:35Z,2025-09-18T09:33:35Z,code00Way,bug
jeecgboot/JeecgBoot,3408843790,8844,"jeecgboot 微服务版,nacos适配人大金仓数据库的问题",closed,0,2025-09-12T04:49:59Z,2025-09-12T04:51:34Z,2025-09-12T04:50:22Z,borey-wang,
jeecgboot/JeecgBoot,3408610822,8843,顶部和左侧混合菜单会出现左侧空菜单,closed,1,2025-09-12T02:25:56Z,2025-09-12T02:55:04Z,2025-09-12T02:55:04Z,q060831,bug
jeecgboot/JeecgBoot,3405674087,8842,JSelectUserByDept.vue,closed,2,2025-09-11T09:32:24Z,2025-10-09T03:50:39Z,2025-10-09T03:50:39Z,zhangjinqiao,bug
jeecgboot/JeecgBoot,3405599740,8841,3.8.2 微服务模式无法启动,closed,1,2025-09-11T09:13:55Z,2025-09-12T02:54:25Z,2025-09-12T02:54:25Z,moumoukings,bug
jeecgboot/JeecgBoot,3405480987,8840,刷新缓存，调用的/drag/page/refreshCache接口是干什么用的，开源版没这个接口，会报错,closed,2,2025-09-11T08:44:50Z,2025-10-11T03:55:11Z,2025-09-11T09:00:16Z,guoyagang,bug
jeecgboot/JeecgBoot,3405259292,8839,选中行如果存在右侧固定操作列或X方向滚动条会出现数据悬浮超出,closed,2,2025-09-11T07:44:54Z,2025-10-09T03:25:10Z,2025-10-09T03:25:10Z,yzbzwyyt,bug
