id,name,full_name,private,owner_login,owner_type,html_url,description,fork,created_at,updated_at,pushed_at,homepage,size,stargazers_count,watchers_count,language,forks_count,open_issues_count,default_branch,topics,visibility,license
132464395,JavaGuide,Snailclimb/JavaGuide,False,Snailclimb,User,https://github.com/Snailclimb/JavaGuide,ã€ŒJavaå­¦ä¹ +é¢è¯•æŒ‡å—ã€ä¸€ä»½æ¶µç›–å¤§éƒ¨åˆ† Java ç¨‹åºå‘˜æ‰€éœ€è¦æŒæ¡çš„æ ¸å¿ƒçŸ¥è¯†ã€‚å‡†å¤‡ Java é¢è¯•ï¼Œé¦–é€‰ JavaGuideï¼,False,2018-05-07T13:27:00Z,2025-10-29T15:20:13Z,2025-10-29T09:03:18Z,https://javaguide.cn,177301,152337,152337,Java,46025,73,main,"algorithms,interview,java,jvm,mysql,redis,spring,system,system-design,zookeeper",public,apache-2.0
561730219,hello-algo,krahets/hello-algo,False,krahets,User,https://github.com/krahets/hello-algo,"ã€ŠHello ç®—æ³•ã€‹ï¼šåŠ¨ç”»å›¾è§£ã€ä¸€é”®è¿è¡Œçš„æ•°æ®ç»“æ„ä¸ç®—æ³•æ•™ç¨‹ã€‚æ”¯æŒ Python, Java, C++, C, C#, JS, Go, Swift, Rust, Ruby, Kotlin, TS, Dart ä»£ç ã€‚ç®€ä½“ç‰ˆå’Œç¹ä½“ç‰ˆåŒæ­¥æ›´æ–°ï¼ŒEnglish version in translation",False,2022-11-04T11:08:34Z,2025-10-29T15:13:42Z,2025-10-16T21:33:36Z,https://www.hello-algo.com,370903,118121,118121,Java,14506,22,main,"algo,algorithm,algorithms,book,data-structure,data-structures,data-structures-and-algorithms,dsa,education,leetcode,programming",public,other
206462776,GitHub-Chinese-Top-Charts,GrowingGit/GitHub-Chinese-Top-Charts,False,GrowingGit,User,https://github.com/GrowingGit/GitHub-Chinese-Top-Charts,:cn: GitHubä¸­æ–‡æ’è¡Œæ¦œï¼Œå„è¯­è¨€åˆ†è®¾ã€Œè½¯ä»¶ | èµ„æ–™ã€æ¦œå•ï¼Œç²¾å‡†å®šä½ä¸­æ–‡å¥½é¡¹ç›®ã€‚å„å–æ‰€éœ€ï¼Œé«˜æ•ˆå­¦ä¹ ã€‚,False,2019-09-05T03:01:56Z,2025-10-29T15:16:49Z,2024-10-12T06:51:36Z,,123199,103380,103380,Java,13364,187,master,,public,other
22790488,java-design-patterns,iluwatar/java-design-patterns,False,iluwatar,User,https://github.com/iluwatar/java-design-patterns,Design patterns implemented in Java,False,2014-08-09T16:45:18Z,2025-10-29T15:18:21Z,2025-10-21T21:30:34Z,https://java-design-patterns.com,46754,93235,93235,Java,27312,198,master,"awesome-list,design-patterns,hacktoberfest,java,principles,snippets,snippets-collection,snippets-library",public,other
127988011,mall,macrozheng/mall,False,macrozheng,User,https://github.com/macrozheng/mall,mallé¡¹ç›®æ˜¯ä¸€å¥—ç”µå•†ç³»ç»Ÿï¼ŒåŒ…æ‹¬å‰å°å•†åŸç³»ç»ŸåŠåå°ç®¡ç†ç³»ç»Ÿï¼ŒåŸºäºSpring Boot+MyBatiså®ç°ï¼Œé‡‡ç”¨Dockerå®¹å™¨åŒ–éƒ¨ç½²ã€‚ å‰å°å•†åŸç³»ç»ŸåŒ…å«é¦–é¡µé—¨æˆ·ã€å•†å“æ¨èã€å•†å“æœç´¢ã€å•†å“å±•ç¤ºã€è´­ç‰©è½¦ã€è®¢å•æµç¨‹ã€ä¼šå‘˜ä¸­å¿ƒã€å®¢æˆ·æœåŠ¡ã€å¸®åŠ©ä¸­å¿ƒç­‰æ¨¡å—ã€‚ åå°ç®¡ç†ç³»ç»ŸåŒ…å«å•†å“ç®¡ç†ã€è®¢å•ç®¡ç†ã€ä¼šå‘˜ç®¡ç†ã€ä¿ƒé”€ç®¡ç†ã€è¿è¥ç®¡ç†ã€å†…å®¹ç®¡ç†ã€ç»Ÿè®¡æŠ¥è¡¨ã€è´¢åŠ¡ç®¡ç†ã€æƒé™ç®¡ç†ã€è®¾ç½®ç­‰æ¨¡å—ã€‚,False,2018-04-04T01:11:44Z,2025-10-29T14:38:55Z,2025-10-17T06:27:15Z,https://www.macrozheng.com/admin/,58711,81977,81977,Java,29524,12,master,"docker,elasticsearch,elk,java,mongodb,mybatis,mysql,rabbitmq,redis,spring,spring-boot,spring-cloud,spring-security,springboot,springcloud,swagger-ui",public,apache-2.0
6296790,spring-boot,spring-projects/spring-boot,False,spring-projects,Organization,https://github.com/spring-projects/spring-boot,"Spring Boot helps you to create Spring-powered, production-grade applications and services with absolute minimum fuss.",False,2012-10-19T15:02:57Z,2025-10-29T15:22:53Z,2025-10-29T14:31:29Z,https://spring.io/projects/spring-boot,207914,78813,78813,Java,41603,586,main,"framework,java,spring,spring-boot",public,apache-2.0
151834062,advanced-java,doocs/advanced-java,False,doocs,Organization,https://github.com/doocs/advanced-java,ğŸ˜® Core Interview Questions & Answers For Experienced Java(Backend) Developers | äº’è”ç½‘ Java å·¥ç¨‹å¸ˆè¿›é˜¶çŸ¥è¯†å®Œå…¨æ‰«ç›²ï¼šæ¶µç›–é«˜å¹¶å‘ã€åˆ†å¸ƒå¼ã€é«˜å¯ç”¨ã€å¾®æœåŠ¡ã€æµ·é‡æ•°æ®å¤„ç†ç­‰é¢†åŸŸçŸ¥è¯†,False,2018-10-06T11:38:30Z,2025-10-29T09:27:47Z,2025-10-21T23:38:43Z,https://java.doocs.org,26609,78435,78435,Java,19283,0,main,"advanced-java,distributed-search-engine,distributed-systems,doocs,dubbo,elasticsearch,eureka,feign,high-availability,high-concurrency,hystrix,java,message-queue,microservices-architecture,redis,ribbon,rpc,spring-cloud,springcloud-config,zookeeper",public,cc-by-sa-4.0
160640094,LeetCodeAnimation,MisterBooo/LeetCodeAnimation,False,MisterBooo,User,https://github.com/MisterBooo/LeetCodeAnimation,Demonstrate all the questions on LeetCode in the form of animation.ï¼ˆç”¨åŠ¨ç”»çš„å½¢å¼å‘ˆç°è§£LeetCodeé¢˜ç›®çš„æ€è·¯ï¼‰,False,2018-12-06T08:01:22Z,2025-10-29T13:02:43Z,2023-08-14T12:14:01Z,,509807,76499,76499,Java,14018,22,master,"animation,leetcode,leetcode-c,leetcode-java,leetcode-solutions",public,
507775,elasticsearch,elastic/elasticsearch,False,elastic,Organization,https://github.com/elastic/elasticsearch,"Free and Open Source, Distributed, RESTful Search Engine",False,2010-02-08T13:20:56Z,2025-10-29T15:09:34Z,2025-10-29T14:54:28Z,https://www.elastic.co/products/elasticsearch,1497988,75298,75298,Java,25586,5466,main,"elasticsearch,java,search-engine",public,other
594155488,Stirling-PDF,Stirling-Tools/Stirling-PDF,False,Stirling-Tools,Organization,https://github.com/Stirling-Tools/Stirling-PDF,#1 Locally hosted web application that allows you to perform various operations on PDF files,False,2023-01-27T18:22:42Z,2025-10-29T15:16:52Z,2025-10-29T14:20:56Z,https://stirlingpdf.com,113640,69302,69302,Java,5855,436,main,"docker,hacktoberfest,java,pdf,pdf-converter,pdf-editor,pdf-manipulation,pdf-merger,pdf-ocr,pdf-tools,pdf-web-apps,pdfmerger",public,other
81975372,interviews,kdn251/interviews,False,kdn251,User,https://github.com/kdn251/interviews,Everything you need to know to get the job.,False,2017-02-14T18:19:25Z,2025-10-29T12:10:37Z,2025-05-12T12:56:04Z,https://www.youtube.com/channel/UCKvwPt6BifPP54yzH99ff1g?view_as=subscriber,24462,64552,64552,Java,12933,116,master,"algorithm,algorithm-challenges,algorithm-competitions,algorithms,coding-challenge,coding-challenges,coding-interview,coding-interviews,interview,interview-practice,interview-prep,interview-preparation,interview-questions,interviews,java,leetcode,leetcode-java,leetcode-questions,leetcode-solutions,technical-coding-interview",public,mit
63477660,Java,TheAlgorithms/Java,False,TheAlgorithms,Organization,https://github.com/TheAlgorithms/Java,All Algorithms implemented in Java,False,2016-07-16T10:21:02Z,2025-10-29T13:53:53Z,2025-10-29T09:08:20Z,,6863,64088,64088,Java,20703,192,master,"algorithm,algorithm-challenges,algorithms,algorithms-datastructures,data-structures,hacktoberfest,java,search,sort,sorting-algorithms",public,mit
173228436,ghidra,NationalSecurityAgency/ghidra,False,NationalSecurityAgency,Organization,https://github.com/NationalSecurityAgency/ghidra,Ghidra is a software reverse engineering (SRE) framework,False,2019-03-01T03:27:48Z,2025-10-29T15:20:55Z,2025-10-29T12:40:10Z,https://www.nsa.gov/ghidra,392664,61655,61655,Java,6858,1768,master,"disassembler,reverse-engineering,software-analysis",public,apache-2.0
1148753,spring-framework,spring-projects/spring-framework,False,spring-projects,Organization,https://github.com/spring-projects/spring-framework,Spring Framework,False,2010-12-08T04:04:45Z,2025-10-29T12:49:00Z,2025-10-29T09:50:48Z,https://spring.io/projects/spring-framework,235555,59068,59068,Java,38811,327,main,"framework,spring,spring-framework",public,apache-2.0
20300177,guava,google/guava,False,google,Organization,https://github.com/google/guava,Google core libraries for Java,False,2014-05-29T16:23:17Z,2025-10-29T14:59:47Z,2025-10-28T21:00:21Z,,572822,51220,51220,Java,11078,712,master,"guava,java",public,apache-2.0
7508411,RxJava,ReactiveX/RxJava,False,ReactiveX,Organization,https://github.com/ReactiveX/RxJava,RxJava â€“ Reactive Extensions for the JVM â€“ a library for composing asynchronous and event-based programs using observable sequences for the Java VM.,False,2013-01-08T20:11:48Z,2025-10-29T01:36:21Z,2025-10-27T08:57:10Z,,146127,48420,48420,Java,7612,14,3.x,"flow,java,reactive-streams,rxjava",public,apache-2.0
44804216,termux-app,termux/termux-app,False,termux,Organization,https://github.com/termux/termux-app,Termux - a terminal emulator application for Android OS extendible by variety of packages.,False,2015-10-23T09:42:46Z,2025-10-29T15:14:40Z,2025-10-29T14:29:14Z,https://f-droid.org/en/packages/com.termux,4977,46363,46363,Java,5369,469,master,"android,hacktoberfest,linux,terminal,termux",public,other
44662669,dbeaver,dbeaver/dbeaver,False,dbeaver,Organization,https://github.com/dbeaver/dbeaver,Free universal database tool and SQL client,False,2015-10-21T08:26:28Z,2025-10-29T12:52:05Z,2025-10-29T13:41:54Z,https://dbeaver.io,203204,45981,45981,Java,3882,3154,devel,"ai,copilot,database,db2,dbeaver,erd,gui,java,jdbc,mysql,nosql,openai,oracle,postgresql,redshift,sql,sqlite,sqlserver",public,apache-2.0
8859474,jadx,skylot/jadx,False,skylot,User,https://github.com/skylot/jadx,Dex to Java decompiler,False,2013-03-18T17:08:21Z,2025-10-29T15:20:40Z,2025-10-27T18:23:55Z,,24575,45947,45947,Java,5312,409,master,"android,decompiler,dex,java",public,apache-2.0
159152904,JeecgBoot,jeecgboot/JeecgBoot,False,jeecgboot,Organization,https://github.com/jeecgboot/JeecgBoot,ğŸ”¥AIä½ä»£ç å¹³å°ï¼ŒåŠ©åŠ›ä¼ä¸šå¿«é€Ÿå®ç°ä½ä»£ç å¼€å‘å’Œæ„å»ºAIåº”ç”¨ï¼å‰åç«¯åˆ†ç¦»æ¶æ„ SpringBoot3ï¼ŒSpringCloudã€MybatisPlusï¼ŒAnt Design&Vue3ã€TS+viteï¼å¼ºå¤§ä»£ç ç”Ÿæˆå™¨å®ç°å‰åç«¯ä¸€é”®ç”Ÿæˆï¼Œæ— éœ€æ‰‹å†™ä»£ç ! å¼•é¢†AIä½ä»£ç å¼€å‘æ¨¡å¼ï¼šAIç”Ÿæˆâ†’åœ¨çº¿ç¼–ç â†’ä»£ç ç”Ÿæˆâ†’æ‰‹å·¥åˆå¹¶ï¼Œè§£å†³Javaé¡¹ç›®80%é‡å¤å·¥ä½œï¼Œæå‡æ•ˆç‡ï¼ŒèŠ‚çœæˆæœ¬ï¼Œå…¼é¡¾çµæ´»æ€§~,False,2018-11-26T10:40:00Z,2025-10-29T14:18:45Z,2025-10-28T15:01:39Z,https://jeecgboot.github.io/JeecgBoot/,82549,44166,44166,Java,15617,50,springboot3,"activiti,agent,aiflow,ant-design-vue,antd,codegenerator,deepseek,flowable,java,langchain4j,llm,low-code,mybatis-plus,sa-token,spring-ai,spring-security,springboot,springboot3,springcloud,vue3",public,apache-2.0
4710920,dubbo,apache/dubbo,False,apache,Organization,https://github.com/apache/dubbo,The java implementation of Apache Dubbo. An RPC and microservice framework.,False,2012-06-19T07:56:02Z,2025-10-29T11:02:08Z,2025-10-27T12:19:50Z,https://dubbo.apache.org/,60672,41539,41539,Java,26547,910,3.3,"distributed-systems,dubbo,framework,grpc,http,java,microservices,restful,rpc,service-mesh,web",public,apache-2.0
19148949,MPAndroidChart,PhilJay/MPAndroidChart,False,PhilJay,User,https://github.com/PhilJay/MPAndroidChart,"A powerful ğŸš€ Android chart view / graph view library, supporting line- bar- pie- radar- bubble- and candlestick charts as well as scaling, panning and animations.",False,2014-04-25T14:29:47Z,2025-10-29T10:48:28Z,2025-06-05T07:06:39Z,,21593,38137,38137,Java,9059,2192,master,"android,chart,graph,java,mpandroidchart",public,other
9754983,tutorials,eugenp/tutorials,False,eugenp,User,https://github.com/eugenp/tutorials,Getting Started with Spring Boot 3: ,False,2013-04-29T18:26:36Z,2025-10-29T09:08:53Z,2025-10-28T20:49:35Z,https://bit.ly/github-ls,115545,37285,37285,Java,54053,36,master,,public,mit
126178683,halo,halo-dev/halo,False,halo-dev,Organization,https://github.com/halo-dev/halo,å¼ºå¤§æ˜“ç”¨çš„å¼€æºå»ºç«™å·¥å…·ã€‚,False,2018-03-21T12:56:52Z,2025-10-29T15:09:02Z,2025-10-29T09:23:28Z,https://www.halo.run,79697,37177,37177,Java,10118,299,main,"blog,blog-engine,cms,content-management-system,halo,halocms,website-builder",public,gpl-3.0
146633589,arthas,alibaba/arthas,False,alibaba,Organization,https://github.com/alibaba/arthas,Alibaba Java Diagnostic Tool Arthas/Alibaba Javaè¯Šæ–­åˆ©å™¨Arthas,False,2018-08-29T17:15:57Z,2025-10-29T07:12:49Z,2025-10-23T09:47:50Z,https://arthas.aliyun.com/,60980,36807,36807,Java,7603,454,master,"agent,alibaba,arthas,classloader,diagnosis,java,jvm,trace,trouble-shooting",public,apache-2.0
267775629,hello-algorithm,geekxh/hello-algorithm,False,geekxh,User,https://github.com/geekxh/hello-algorithm,ğŸŒ é’ˆå¯¹å°ç™½çš„ç®—æ³•è®­ç»ƒ | åŒ…æ‹¬å››éƒ¨åˆ†ï¼šâ‘ .å¤§å‚é¢ç» â‘¡.åŠ›æ‰£å›¾è§£  â‘¢.åƒæœ¬å¼€æºç”µå­ä¹¦ â‘£.ç™¾å¼ æŠ€æœ¯æ€ç»´å¯¼å›¾ï¼ˆé¡¹ç›®èŠ±äº†ä¸Šç™¾å°æ—¶ï¼Œå¸Œæœ›å¯ä»¥ç‚¹ star æ”¯æŒï¼ŒğŸŒ¹æ„Ÿè°¢~ï¼‰æ¨èå…è´¹ChatGPTä½¿ç”¨ç½‘ç«™,False,2020-05-29T05:47:09Z,2025-10-29T09:32:18Z,2023-06-13T04:13:17Z,https://www.lintcode.com/chat-gpt?utm_source=tf-github-xhGPT,365053,35846,35846,Java,6462,11,master,"algorithms,dynamic-programming,interview-questions,leetcode,leetcode-solutions",public,
70198875,lottie-android,airbnb/lottie-android,False,airbnb,Organization,https://github.com/airbnb/lottie-android,"Render After Effects animations natively on Android and iOS, Web, and React Native",False,2016-10-06T22:42:42Z,2025-10-28T22:42:03Z,2025-10-27T22:45:21Z,http://airbnb.io/lottie/,137390,35509,35509,Java,5444,39,master,"after-effects,airbnb,android,animation,lottie",public,apache-2.0
41889031,NewPipe,TeamNewPipe/NewPipe,False,TeamNewPipe,Organization,https://github.com/TeamNewPipe/NewPipe,A libre lightweight streaming front-end for Android.,False,2015-09-03T23:39:26Z,2025-10-29T15:10:45Z,2025-10-28T07:53:10Z,https://newpipe.net,82009,35470,35470,Java,3295,1282,dev,"4k,android,bandcamp,download-videos,newpipe,peertube,soundcloud,translation,video,watch,youtube-video",public,gpl-3.0
149001365,leetcode,doocs/leetcode,False,doocs,Organization,https://github.com/doocs/leetcode,ğŸ”¥LeetCode solutions in any programming language | å¤šç§ç¼–ç¨‹è¯­è¨€å®ç° LeetCodeã€ã€Šå‰‘æŒ‡ Offerï¼ˆç¬¬ 2 ç‰ˆï¼‰ã€‹ã€ã€Šç¨‹åºå‘˜é¢è¯•é‡‘å…¸ï¼ˆç¬¬ 6 ç‰ˆï¼‰ã€‹é¢˜è§£,False,2018-09-16T14:03:03Z,2025-10-29T10:34:15Z,2025-10-29T00:46:12Z,https://leetcode.doocs.org,699220,35109,35109,Java,9148,3,main,"algorithms,cpp,csharp,golang,java,javascript,leetcode,python3",public,cc-by-sa-4.0
11267509,glide,bumptech/glide,False,bumptech,Organization,https://github.com/bumptech/glide,An image loading and caching library for Android focused on smooth scrolling,False,2013-07-08T22:52:33Z,2025-10-29T06:02:29Z,2025-10-29T03:19:10Z,https://bumptech.github.io/glide/,97811,34976,34976,Java,6180,615,master,"android,disk-cache,gif,glide,imageloader",public,other
1064563,netty,netty/netty,False,netty,Organization,https://github.com/netty/netty,Netty project - an event-driven asynchronous network application framework,False,2010-11-09T09:22:21Z,2025-10-29T09:33:12Z,2025-10-29T15:05:03Z,http://netty.io,102395,34548,34548,Java,16211,665,4.2,,public,apache-2.0
110211147,spring-boot-demo,xkcoding/spring-boot-demo,False,xkcoding,User,https://github.com/xkcoding/spring-boot-demo,ğŸš€ä¸€ä¸ªç”¨æ¥æ·±å…¥å­¦ä¹ å¹¶å®æˆ˜ Spring Boot çš„é¡¹ç›®ã€‚,False,2017-11-10T06:27:29Z,2025-10-29T08:22:43Z,2024-07-24T02:02:52Z,https://parg.co/UZM,14194,33965,33965,Java,10998,142,master,"demo,in-action,java,spring,spring-boot,spring-boot-2,spring-boot-demo,web,xkcoding",public,mit
332357698,ruoyi-vue-pro,YunaiV/ruoyi-vue-pro,False,YunaiV,User,https://github.com/YunaiV/ruoyi-vue-pro,ğŸ”¥ å®˜æ–¹æ¨è ğŸ”¥ RuoYi-Vue å…¨æ–° Pro ç‰ˆæœ¬ï¼Œä¼˜åŒ–é‡æ„æ‰€æœ‰åŠŸèƒ½ã€‚åŸºäº Spring Boot + MyBatis Plus + Vue & Element å®ç°çš„åå°ç®¡ç†ç³»ç»Ÿ + å¾®ä¿¡å°ç¨‹åºï¼Œæ”¯æŒ RBAC åŠ¨æ€æƒé™ã€æ•°æ®æƒé™ã€SaaS å¤šç§Ÿæˆ·ã€Flowable å·¥ä½œæµã€ä¸‰æ–¹ç™»å½•ã€æ”¯ä»˜ã€çŸ­ä¿¡ã€å•†åŸã€CRMã€ERPã€AI å¤§æ¨¡å‹ç­‰åŠŸèƒ½ã€‚ä½ çš„ â­ï¸ Star â­ï¸ï¼Œæ˜¯ä½œè€…ç”Ÿå‘çš„åŠ¨åŠ›ï¼,False,2021-01-24T03:18:25Z,2025-10-29T14:34:28Z,2025-10-12T07:41:03Z,https://doc.iocoder.cn/,184106,33787,33787,Java,7292,15,master,"flowable,mybatis-plus,mysql,redis,redisson,spring-security,springboot,vue",public,mit
120395176,easyexcel,alibaba/easyexcel,False,alibaba,Organization,https://github.com/alibaba/easyexcel,å¿«é€Ÿã€ç®€æ´ã€è§£å†³å¤§æ–‡ä»¶å†…å­˜æº¢å‡ºçš„javaå¤„ç†Excelå·¥å…·,False,2018-02-06T03:14:08Z,2025-10-29T10:10:35Z,2024-10-29T06:07:07Z,https://easyexcel.opensource.alibaba.com,26334,33681,33681,Java,7645,570,master,"excel,java,jxl,oom,poi,xls,xlsx",public,apache-2.0
2562751,zxing,zxing/zxing,False,zxing,Organization,https://github.com/zxing/zxing,"ZXing (""Zebra Crossing"") barcode scanning library for Java, Android",False,2011-10-12T14:07:27Z,2025-10-29T09:18:24Z,2025-10-27T06:17:24Z,,242824,33662,33662,Java,9429,12,master,"android,barcode,barcode-scanner,datamatrix,java,qr-code,upc,zxing",public,apache-2.0
64558143,AndroidUtilCode,Blankj/AndroidUtilCode,False,Blankj,User,https://github.com/Blankj/AndroidUtilCode,:fire: Android developers should collect the following utils(updating).,False,2016-07-30T18:18:32Z,2025-10-29T09:24:20Z,2024-08-15T10:38:10Z,https://blankj.com/2016/07/31/android-utils-code/,47329,33658,33658,Java,10708,325,master,"android,androidx,app,bar,cache,encode,encrypt,eventbus,file,fragment,log,network,permission,reflect,regex,snackbar,spannable-string,thread-pool,toast,utils",public,apache-2.0
7613257,selenium,SeleniumHQ/selenium,False,SeleniumHQ,Organization,https://github.com/SeleniumHQ/selenium,A browser automation framework and ecosystem.,False,2013-01-14T21:40:56Z,2025-10-29T14:29:14Z,2025-10-29T14:29:05Z,https://selenium.dev,2310233,33542,33542,Java,8608,252,trunk,"dotnet,java,javascript,python,ruby,rust,selenium,webdriver",public,apache-2.0
137451403,nacos,alibaba/nacos,False,alibaba,Organization,https://github.com/alibaba/nacos,"an easy-to-use dynamic service discovery, configuration and service management platform for building AI cloud native applications.",False,2018-06-15T06:49:27Z,2025-10-29T14:18:44Z,2025-10-21T21:17:28Z,https://nacos.io,66683,32211,32211,Java,13163,277,develop,"a2a-registry,ai-registry,alibaba,config,configuration-management,distributed-configuration,dns,dubbo,istio,kubernetes,mcp,mcp-management,mcp-registry,microservices,nacos,service-discovery,service-mesh,spring-cloud",public,apache-2.0
49122742,WxJava,binarywang/WxJava,False,binarywang,User,https://github.com/binarywang/WxJava,å¾®ä¿¡å¼€å‘ Java SDK ï¼Œæ”¯æŒåŒ…æ‹¬å¾®ä¿¡æ”¯ä»˜ï¼Œå¼€æ”¾å¹³å°ï¼Œå°ç¨‹åºï¼Œä¼ä¸šå¾®ä¿¡ï¼Œè§†é¢‘å·ï¼Œå…¬ä¼—å·ç­‰çš„åç«¯å¼€å‘,False,2016-01-06T08:24:05Z,2025-10-29T15:13:12Z,2025-10-28T03:59:56Z,,18970,32077,32077,Java,8992,94,develop,"cp,hacktoberfest,java,miniapp,miniprogram,mp,open,sdk,weapp,wechat,wechat-sdk,weixin,weixin-sdk,wxjava,wxpay",public,apache-2.0
2211243,kafka,apache/kafka,False,apache,Organization,https://github.com/apache/kafka,Mirror of Apache Kafka,False,2011-08-15T18:06:16Z,2025-10-29T15:04:21Z,2025-10-29T15:04:14Z,,262516,31182,31182,Java,14757,235,trunk,"kafka,scala",public,apache-2.0
11125589,keycloak,keycloak/keycloak,False,keycloak,Organization,https://github.com/keycloak/keycloak,Open Source Identity and Access Management For Modern Applications and Services,False,2013-07-02T13:38:51Z,2025-10-29T15:21:21Z,2025-10-29T15:01:53Z,https://www.keycloak.org,565756,30621,30621,Java,7747,2329,main,"keycloak,oidc,saml",public,apache-2.0
72907253,spring-boot-examples,ityouknow/spring-boot-examples,False,ityouknow,User,https://github.com/ityouknow/spring-boot-examples,about learning Spring Boot via examples. Spring Boot æ•™ç¨‹ã€æŠ€æœ¯æ ˆç¤ºä¾‹ä»£ç ï¼Œå¿«é€Ÿç®€å•ä¸Šæ‰‹æ•™ç¨‹ã€‚ ,False,2016-11-05T05:32:33Z,2025-10-29T09:27:20Z,2023-11-18T16:32:16Z,http://www.ityouknow.com/spring-boot.html,1074,30615,30615,Java,12335,17,master,"docker,docker-composer,fastdfs,java,mongodb,mybatis,rabbitmq,scheduler,spring,spring-boot,spring-boot-examples,spring-boot-mail,spring-boot-mongodb,spring-boot-upload-file,spring-cloud,spring-data-jpa,springboot,springboot-shiro,springcloud,thymeleaf",public,
18723836,hutool,chinabugotech/hutool,False,chinabugotech,User,https://github.com/chinabugotech/hutool,ğŸ¬A set of tools that keep Java sweet.,False,2014-04-13T07:23:51Z,2025-10-29T09:26:23Z,2025-10-29T15:12:17Z,https://hutool.cn,71298,30153,30153,Java,7668,3,v5-master,"http,hutool,java,json,orm,tool,util",public,other
728981719,conductor,conductor-oss/conductor,False,conductor-oss,Organization,https://github.com/conductor-oss/conductor,Conductor is an event driven orchestration platform providing durable and highly resilient execution engine for your applications,False,2023-12-08T06:06:09Z,2025-10-29T12:41:08Z,2025-10-27T20:53:49Z,https://conductor-oss.org,29797,30115,30115,Java,745,94,main,"distributed-systems,durable-execution,grpc,java,javascript,microservice-orchestration,orchestration-engine,orchestrator,reactjs,spring-boot,workflow-automation,workflow-engine,workflow-management,workflows",public,apache-2.0
53127403,apollo,apolloconfig/apollo,False,apolloconfig,Organization,https://github.com/apolloconfig/apollo,Apollo is a reliable configuration management system suitable for microservice configuration management scenarios.,False,2016-03-04T10:24:23Z,2025-10-29T14:29:34Z,2025-10-29T06:23:35Z,https://www.apolloconfig.com,56774,29688,29688,Java,10224,149,master,"config-management,configuration-management,distributed-configuration,microservices,spring-boot,spring-cloud",public,apache-2.0
47023603,xxl-job,xuxueli/xxl-job,False,xuxueli,User,https://github.com/xuxueli/xxl-job,A distributed task scheduling framework.ï¼ˆåˆ†å¸ƒå¼ä»»åŠ¡è°ƒåº¦å¹³å°XXL-JOBï¼‰,False,2015-11-28T12:59:34Z,2025-10-29T15:01:12Z,2025-10-26T15:33:44Z,http://www.xuxueli.com/xxl-job/,38236,29475,29475,Java,11346,315,master,"cron,distributed,glue,java,job,quartz,restful,schedule,scheduler,task,xxl-job",public,gpl-3.0
7587038,canal,alibaba/canal,False,alibaba,Organization,https://github.com/alibaba/canal,é˜¿é‡Œå·´å·´ MySQL binlog å¢é‡è®¢é˜…&æ¶ˆè´¹ç»„ä»¶ ,False,2013-01-13T10:59:52Z,2025-10-29T08:07:03Z,2025-08-06T02:18:43Z,,24182,29437,29437,Java,7673,1248,master,,public,apache-2.0
131789494,SpringAll,wuyouzhuguli/SpringAll,False,wuyouzhuguli,User,https://github.com/wuyouzhuguli/SpringAll,å¾ªåºæ¸è¿›ï¼Œå­¦ä¹ Spring Bootã€Spring Boot & Shiroã€Spring Batchã€Spring Cloudã€Spring Cloud Alibabaã€Spring Security & Spring Security OAuth2ï¼Œåšå®¢Springç³»åˆ—æºç ï¼šhttps://mrbird.cc,False,2018-05-02T02:48:44Z,2025-10-29T13:17:33Z,2024-05-31T14:56:35Z,,1069,28972,28972,Java,8175,34,master,"learning,shiro,spring-boot,spring-boot-learning,spring-cloud,spring-security,springboot",public,mit
112785414,spring-cloud-alibaba,alibaba/spring-cloud-alibaba,False,alibaba,Organization,https://github.com/alibaba/spring-cloud-alibaba,Spring Cloud Alibaba provides a one-stop solution for application development for the distributed solutions of Alibaba middleware.,False,2017-12-01T20:49:15Z,2025-10-29T14:18:17Z,2025-10-29T05:45:28Z,https://sca.aliyun.com,55809,28825,28825,Java,8482,216,2025.0.x,"alibaba,alibaba-middleware,alibaba-oss,aliyun,circuit-breaker,cloud-native,distributed-configuration,distributed-messaging,distributed-transaction,dubbo,java,microservices,nacos,rocketmq,service-discovery,service-registry,spring,spring-cloud,spring-cloud-alibaba,spring-cloud-core",public,apache-2.0
2700159,druid,alibaba/druid,False,alibaba,Organization,https://github.com/alibaba/druid,é˜¿é‡Œäº‘è®¡ç®—å¹³å°DataWorks(https://help.aliyun.com/document_detail/137663.html) å›¢é˜Ÿå‡ºå“ï¼Œä¸ºç›‘æ§è€Œç”Ÿçš„æ•°æ®åº“è¿æ¥æ± ,False,2011-11-03T05:12:51Z,2025-10-29T14:05:24Z,2025-10-22T02:39:23Z,https://github.com/alibaba/druid/wiki,91790,28205,28205,Java,8608,2313,master,,public,apache-2.0
116237823,vhr,lenve/vhr,False,lenve,User,https://github.com/lenve/vhr,å¾®äººäº‹æ˜¯ä¸€ä¸ªå‰åç«¯åˆ†ç¦»çš„äººåŠ›èµ„æºç®¡ç†ç³»ç»Ÿï¼Œé¡¹ç›®é‡‡ç”¨SpringBoot+Vueå¼€å‘ã€‚,False,2018-01-04T08:57:51Z,2025-10-29T13:31:27Z,2024-11-25T00:07:39Z,http://vhr.javaboy.org,8480,27995,27995,Java,10296,213,master,,public,
13862381,Telegram,DrKLO/Telegram,False,DrKLO,User,https://github.com/DrKLO/Telegram,Telegram for Android source,False,2013-10-25T14:08:10Z,2025-10-29T13:16:23Z,2025-10-15T16:04:57Z,,607336,27849,27849,Java,9040,421,master,telegram,public,gpl-2.0
709589487,awesome-system-design-resources,ashishps1/awesome-system-design-resources,False,ashishps1,User,https://github.com/ashishps1/awesome-system-design-resources,Learn System Design concepts and prepare for interviews using free resources.,False,2023-10-25T01:50:42Z,2025-10-29T15:17:53Z,2025-10-15T18:21:22Z,https://blog.algomaster.io,2257,27213,27213,Java,6349,6,main,"awesome,backend,computer-science,distributed-systems,high-level-design,hld,interview,interview-questions,scalability,system-design",public,gpl-3.0
114523184,JCSprout,crossoverJie/JCSprout,False,crossoverJie,User,https://github.com/crossoverJie/JCSprout,"ğŸ‘¨â€ğŸ“ Java Core Sprout : basic, concurrent, algorithm ",False,2017-12-17T09:06:50Z,2025-10-28T16:03:49Z,2024-05-21T02:46:20Z,https://crossoverjie.top/JCSprout,1191,27059,27059,Java,7036,45,master,"algorithm,basic-java,concurrent-programming,java,jvm,netty",public,mit
148736243,miaosha,qiurunze123/miaosha,False,qiurunze123,User,https://github.com/qiurunze123/miaosha,â­â­â­â­ç§’æ€ç³»ç»Ÿè®¾è®¡ä¸å®ç°.äº’è”ç½‘å·¥ç¨‹å¸ˆè¿›é˜¶ä¸åˆ†æğŸ™‹ğŸ“,False,2018-09-14T04:36:24Z,2025-10-29T02:40:59Z,2025-04-18T06:23:43Z,,65716,26545,26545,Java,6636,5,master,,public,
163387337,incubator-seata,apache/incubator-seata,False,apache,Organization,https://github.com/apache/incubator-seata,":fire: Seata is an easy-to-use, high-performance, open source distributed transaction solution.",False,2018-12-28T08:37:22Z,2025-10-29T10:13:18Z,2025-10-29T10:13:00Z,https://seata.apache.org/,29213,25865,25865,Java,8878,877,2.x,"at,consistency,distributed-transaction,microservice,saga,tcc,xa",public,apache-2.0
2700474,fastjson,alibaba/fastjson,False,alibaba,Organization,https://github.com/alibaba/fastjson,"FASTJSON 2.0.x has been released, faster and more secure, recommend you upgrade.",False,2011-11-03T06:58:52Z,2025-10-29T06:11:28Z,2024-07-16T07:35:37Z,https://github.com/alibaba/fastjson2/wiki/fastjson_1_upgrade_cn,15513,25746,25746,Java,6476,2112,master,"android,best-performance,deserialization,fastjson,java,json,json-parser,json-serialization,json-serializer,serialization",public,apache-2.0
89822531,Mindustry,Anuken/Mindustry,False,Anuken,User,https://github.com/Anuken/Mindustry,The automation tower defense RTS,False,2017-04-30T01:24:29Z,2025-10-29T14:34:01Z,2025-10-29T14:33:57Z,https://mindustrygame.github.io,1882144,25584,25584,Java,3257,64,master,"android,desktop,game,java,mindustry,mobile-game,multiplatform,rts,sandbox-game,tower-defense",public,gpl-3.0
154648112,toBeTopJavaer,hollischuang/toBeTopJavaer,False,hollischuang,User,https://github.com/hollischuang/toBeTopJavaer,To Be Top Javaer - Javaå·¥ç¨‹å¸ˆæˆç¥ä¹‹è·¯,False,2018-10-25T09:54:54Z,2025-10-29T06:48:17Z,2024-01-03T13:58:24Z,https://www.hollischuang.com,8004,25484,25484,Java,5434,61,master,"design-patterns,java,jvm,mysql,programmer,spring",public,
8575137,butterknife,JakeWharton/butterknife,False,JakeWharton,User,https://github.com/JakeWharton/butterknife,Bind Android views and callbacks to fields and methods.,False,2013-03-05T08:18:59Z,2025-10-29T10:57:54Z,2023-09-02T07:41:30Z,http://jakewharton.github.io/butterknife/,3909,25472,25472,Java,4579,119,master,,public,apache-2.0
20587599,flink,apache/flink,False,apache,Organization,https://github.com/apache/flink,Apache Flink,False,2014-06-07T07:00:10Z,2025-10-29T14:35:06Z,2025-10-29T14:34:59Z,https://flink.apache.org/,532669,25422,25422,Java,13750,209,master,"big-data,flink,java,python,scala,sql",public,apache-2.0
93152223,SmartRefreshLayout,scwang90/SmartRefreshLayout,False,scwang90,User,https://github.com/scwang90/SmartRefreshLayout,ğŸ”¥ä¸‹æ‹‰åˆ·æ–°ã€ä¸Šæ‹‰åŠ è½½ã€äºŒçº§åˆ·æ–°ã€æ·˜å®äºŒæ¥¼ã€RefreshLayoutã€OverScrollï¼ŒAndroidæ™ºèƒ½ä¸‹æ‹‰åˆ·æ–°æ¡†æ¶ï¼Œæ”¯æŒè¶Šç•Œå›å¼¹ã€è¶Šç•Œæ‹–åŠ¨ï¼Œå…·æœ‰æå¼ºçš„æ‰©å±•æ€§ï¼Œé›†æˆäº†å‡ åç§ç‚«é…·çš„Headerå’Œ Footerã€‚,False,2017-06-02T09:52:50Z,2025-10-27T03:14:46Z,2024-12-04T12:28:17Z,https://segmentfault.com/a/1190000010066071,274026,25164,25164,Java,4974,336,main,"android,android-ui,footer,header,overscroll,pull-to-refresh,pulltorefresh,refreshlayout",public,apache-2.0
133134007,openapi-generator,OpenAPITools/openapi-generator,False,OpenAPITools,Organization,https://github.com/OpenAPITools/openapi-generator,"OpenAPI Generator allows generation of API client libraries (SDK generation), server stubs, documentation and configuration automatically given an OpenAPI Spec (v2, v3)",False,2018-05-12T09:57:56Z,2025-10-29T14:16:39Z,2025-10-29T10:22:36Z,https://openapi-generator.tech,935598,25124,25124,Java,7256,5445,master,"api,api-client,api-server,generator,hacktoberfest,openapi,openapi-generator,openapi3,rest,rest-api,rest-client,restful-api,sdk",public,apache-2.0
283211901,SmartTube,yuliskov/SmartTube,False,yuliskov,User,https://github.com/yuliskov/SmartTube,Browse media content with your own rules on Android TV,False,2020-07-28T12:53:52Z,2025-10-29T15:20:58Z,2025-10-28T17:38:50Z,https://www.patreon.com/smarttube,100648,25088,25088,Java,1349,2811,master,"android,android-tv,android-tv-box,java,kotlin,retrofit2,rxjava-android",public,other
108252892,proxyee-down,proxyee-down-org/proxyee-down,False,proxyee-down-org,Organization,https://github.com/proxyee-down-org/proxyee-down,httpä¸‹è½½å·¥å…·ï¼ŒåŸºäºhttpä»£ç†ï¼Œæ”¯æŒå¤šè¿æ¥åˆ†å—ä¸‹è½½,False,2017-10-25T10:07:27Z,2025-10-24T04:37:17Z,2024-07-16T09:22:28Z,,26864,24855,24855,Java,4398,214,master,,public,apache-2.0
5070389,EventBus,greenrobot/EventBus,False,greenrobot,User,https://github.com/greenrobot/EventBus,"Event bus for Android and Java that simplifies communication between Activities, Fragments, Threads, Services, etc. Less code, better quality.",False,2012-07-16T16:55:40Z,2025-10-29T07:47:04Z,2024-02-21T18:18:34Z,http://greenrobot.org/eventbus/,1742,24764,24764,Java,4668,146,master,,public,apache-2.0
20773773,bazel,bazelbuild/bazel,False,bazelbuild,Organization,https://github.com/bazelbuild/bazel,"a fast, scalable, multi-language and extensible build system",False,2014-06-12T16:00:38Z,2025-10-29T15:17:00Z,2025-10-29T15:16:48Z,https://bazel.build,985836,24673,24673,Java,4323,1814,master,"bazel,build,build-system,correct,fast,multi-language,scalable,test",public,apache-2.0
1103607,jenkins,jenkinsci/jenkins,False,jenkinsci,Organization,https://github.com/jenkinsci/jenkins,Jenkins automation server,False,2010-11-22T21:21:23Z,2025-10-29T15:12:13Z,2025-10-28T21:56:25Z,https://www.jenkins.io,168438,24591,24591,Java,9170,95,master,"cicd,continuous-delivery,continuous-deployment,continuous-integration,devops,groovy,hacktoberfest,java,jenkins,pipelines-as-code",public,mit
45721011,skywalking,apache/skywalking,False,apache,Organization,https://github.com/apache/skywalking,"APM, Application Performance Monitoring System",False,2015-11-07T03:30:36Z,2025-10-29T11:56:30Z,2025-10-29T11:56:25Z,https://skywalking.apache.org/,173663,24569,24569,Java,6626,66,master,"apm,dapper,distributed-tracing,ebpf,logging,metrics,observability,open-telemetry,prometheus,service-mesh,skywalking,telegraf,web-performance,zabbix",public,apache-2.0
656227652,Chat2DB,CodePhiliaX/Chat2DB,False,CodePhiliaX,Organization,https://github.com/CodePhiliaX/Chat2DB,"ğŸ”¥ğŸ”¥ğŸ”¥AI-driven database tool and SQL client, The hottest GUI client, supporting MySQL, Oracle, PostgreSQL, DB2, SQL Server, DB2, SQLite, H2, ClickHouse, and more.",False,2023-06-20T14:05:26Z,2025-10-29T12:36:01Z,2025-09-12T03:58:17Z,https://chat2db.ai,18843,24542,24542,Java,2664,501,main,"ai,bi,chatgpt,clickhouse,clickhouse-client,database,datagrip,db2,dbeaver,gpt,hive,mysql,navicat,oracle,postgresql,redis,redis-client,sqlserver,text2sql",public,apache-2.0
5373551,libgdx,libgdx/libgdx,False,libgdx,Organization,https://github.com/libgdx/libgdx,Desktop/Android/HTML5/iOS Java game development framework,False,2012-08-10T19:34:38Z,2025-10-29T10:31:49Z,2025-10-24T17:07:21Z,http://www.libgdx.com/,1106577,24459,24459,Java,6519,320,master,"2d,3d,android,cross-platform,framework,game,game-development,game-engine,gamedev,html5,ios,java,libgdx,linux,macosx,windows",public,apache-2.0
6766558,Hystrix,Netflix/Hystrix,False,Netflix,Organization,https://github.com/Netflix/Hystrix,"Hystrix is a latency and fault tolerance library designed to isolate points of access to remote systems, services and 3rd party libraries, stop cascading failure and enable resilience in complex distributed systems where failure is inevitable.",False,2012-11-19T20:14:46Z,2025-10-27T19:56:35Z,2023-10-17T13:04:47Z,,9799,24424,24424,Java,4713,410,master,,public,
32538871,gson,google/gson,False,google,Organization,https://github.com/google/gson,A Java serialization/deserialization library to convert Java Objects into JSON and back,False,2015-03-19T18:21:20Z,2025-10-29T13:52:08Z,2025-10-26T17:57:38Z,,13739,24188,24188,Java,4357,325,main,,public,apache-2.0
15823460,redisson,redisson/redisson,False,redisson,Organization,https://github.com/redisson/redisson,"Redisson - Valkey & Redis Java client. Real-Time Data Platform. Sync/Async/RxJava/Reactive API. Over 50 Valkey and Redis based Java objects and services: Set, Multimap, SortedSet, Map, List, Queue, Deque, Semaphore, Lock, AtomicLong, Map Reduce, Bloom filter, Spring, Tomcat, Scheduler, JCache API, Hibernate, RPC, local cache..",False,2014-01-11T14:06:25Z,2025-10-29T13:42:25Z,2025-10-29T07:50:12Z,https://redisson.pro,31977,24094,24094,Java,5484,324,master,"cache,distributed,distributed-locks,executor,hibernate,java,json,lock,map,micronaut,quarkus,queue,redis,redis-client,scheduler,session,spring,tomcat,valkey,valkey-client",public,apache-2.0
3766706,Apktool,iBotPeaches/Apktool,False,iBotPeaches,User,https://github.com/iBotPeaches/Apktool,A tool for reverse engineering Android apk files,False,2012-03-19T17:46:53Z,2025-10-29T14:30:28Z,2025-10-29T09:49:30Z,https://apktool.org,332959,23242,23242,Java,3839,87,main,"9patch,android,apk,apktool,arsc,reverse-engineering",public,apache-2.0
217943361,source-code-hunter,doocs/source-code-hunter,False,doocs,Organization,https://github.com/doocs/source-code-hunter,ğŸ˜± ä»æºç å±‚é¢ï¼Œå‰–ææŒ–æ˜äº’è”ç½‘è¡Œä¸šä¸»æµæŠ€æœ¯çš„åº•å±‚å®ç°åŸç†ï¼Œä¸ºå¹¿å¤§å¼€å‘è€… â€œæå‡æŠ€æœ¯æ·±åº¦â€ æä¾›ä¾¿åˆ©ã€‚ç›®å‰å¼€æ”¾ Spring å…¨å®¶æ¡¶ï¼ŒMybatisã€Nettyã€Dubbo æ¡†æ¶ï¼ŒåŠ Redisã€Tomcat ä¸­é—´ä»¶ç­‰,False,2019-10-28T01:35:10Z,2025-10-29T08:22:44Z,2025-10-21T23:56:11Z,https://schunter.doocs.org,103754,23013,23013,Java,4235,8,main,"dubbo,mybatis,netty,redis,sourcecode-analysis,spring",public,cc-by-sa-4.0
128018428,Sentinel,alibaba/Sentinel,False,alibaba,Organization,https://github.com/alibaba/Sentinel,"A powerful flow control component enabling reliability, resilience and monitoring for microservices. (é¢å‘äº‘åŸç”Ÿå¾®æœåŠ¡çš„é«˜å¯ç”¨æµæ§é˜²æŠ¤ç»„ä»¶)",False,2018-04-04T06:37:33Z,2025-10-29T10:28:38Z,2025-10-28T10:54:51Z,https://sentinelguard.io/,8495,22967,22967,Java,8140,829,1.8,"alibaba,circuit-breaker,cloud-native,java,microservice,microservices,rate-limiting,reliability,resiliency",public,apache-2.0
6834703,FizzBuzzEnterpriseEdition,EnterpriseQualityCoding/FizzBuzzEnterpriseEdition,False,EnterpriseQualityCoding,Organization,https://github.com/EnterpriseQualityCoding/FizzBuzzEnterpriseEdition,FizzBuzz Enterprise Edition is a no-nonsense implementation of FizzBuzz made by serious businessmen for serious business purposes.,False,2012-11-24T00:14:41Z,2025-10-28T22:22:32Z,2024-07-15T08:04:08Z,,340,22934,22934,Java,782,538,uinverse,,public,
204164353,kestra,kestra-io/kestra,False,kestra-io,Organization,https://github.com/kestra-io/kestra,"Orchestrate everything - from scripts to data, infra, AI, and business - as code, with UI and AI Copilot. Simple. Fast. Scalable.",False,2019-08-24T13:56:15Z,2025-10-29T14:59:27Z,2025-10-29T15:17:48Z,https://kestra.io,78603,22752,22752,Java,2211,499,develop,"automation,data-orchestration,devops,hacktoberfest,high-availability,infrastructure-as-code,java,low-code,lowcode,orchestration,pipeline,pipeline-as-code,workflow",public,apache-2.0
335164964,dataease,dataease/dataease,False,dataease,Organization,https://github.com/dataease/dataease,ğŸ”¥ äººäººå¯ç”¨çš„å¼€æº BI å·¥å…·ï¼Œæ•°æ®å¯è§†åŒ–ç¥å™¨ã€‚An open-source BI tool alternative to Tableau.,False,2021-02-02T04:10:21Z,2025-10-29T10:05:47Z,2025-10-29T12:59:52Z,https://dataease.cn/,317713,22193,22193,Java,3843,90,dev-v2,"apache-doris,business-intelligence,data-analysis,data-visualization,echarts,kettle,superset,tableau",public,gpl-3.0
75164823,rocketmq,apache/rocketmq,False,apache,Organization,https://github.com/apache/rocketmq,"Apache RocketMQ is a cloud native messaging and streaming platform, making it simple to build event-driven applications.",False,2016-11-30T08:00:08Z,2025-10-29T15:08:28Z,2025-10-28T12:25:08Z,https://rocketmq.apache.org/,44542,22182,22182,Java,11965,304,develop,"cloud-native,eventing,hacktoberfest,java,messaging,rocketmq,streaming",public,apache-2.0
149121954,jdk,openjdk/jdk,False,openjdk,Organization,https://github.com/openjdk/jdk,JDK main-line development https://openjdk.org/projects/jdk,False,2018-09-17T12:29:20Z,2025-10-29T15:00:30Z,2025-10-29T15:19:37Z,,1382221,21944,21944,Java,6132,398,master,"java,jvm,openjdk",public,gpl-2.0
320785435,LSPosed,LSPosed/LSPosed,False,LSPosed,Organization,https://github.com/LSPosed/LSPosed,LSPosed Framework,False,2020-12-12T08:39:37Z,2025-10-29T15:12:02Z,2025-03-04T21:28:36Z,https://lsposed.org,21605,21900,21900,Java,3883,5,master,"android,xposed",public,gpl-3.0
20818126,ExoPlayer,google/ExoPlayer,False,google,Organization,https://github.com/google/ExoPlayer,This project is deprecated and stale. The latest ExoPlayer code is available in https://github.com/androidx/media,False,2014-06-13T21:19:18Z,2025-10-29T11:01:13Z,2024-08-07T18:54:48Z,https://developer.android.com/media/media3/exoplayer,484242,21883,21883,Java,6041,638,release-v2,,public,apache-2.0
161757837,eladmin,elunez/eladmin,False,elunez,User,https://github.com/elunez/eladmin,eladmin jpa ç‰ˆæœ¬ï¼šé¡¹ç›®åŸºäº Spring Boot 2.7.18ã€ Jpaã€ Spring Securityã€Redisã€Vueçš„å‰åç«¯åˆ†ç¦»çš„åå°ç®¡ç†ç³»ç»Ÿï¼Œé¡¹ç›®é‡‡ç”¨åˆ†æ¨¡å—å¼€å‘æ–¹å¼ï¼Œ æƒé™æ§åˆ¶é‡‡ç”¨ RBACï¼Œæ”¯æŒæ•°æ®å­—å…¸ä¸æ•°æ®æƒé™ç®¡ç†ï¼Œæ”¯æŒä¸€é”®ç”Ÿæˆå‰åç«¯ä»£ç ï¼Œæ”¯æŒåŠ¨æ€è·¯ç”±,False,2018-12-14T08:54:24Z,2025-10-28T06:37:55Z,2025-07-03T06:38:35Z,https://eladmin.vip/demo,7461,21819,21819,Java,7392,6,master,"admin,eladmin,element-ui,jpa,jwt,redis,spring-boot,spring-security,swagger2,vue",public,apache-2.0
49662222,graal,oracle/graal,False,oracle,Organization,https://github.com/oracle/graal,"GraalVM compiles applications into native executables that start instantly, scale fast, and use fewer compute resources ğŸš€",False,2016-01-14T17:11:35Z,2025-10-29T14:21:40Z,2025-10-29T14:45:55Z,https://www.graalvm.org,468440,21277,21277,Java,1758,796,master,"aot,compiler,graalvm,java",public,other
73614722,GSYVideoPlayer,CarGuo/GSYVideoPlayer,False,CarGuo,User,https://github.com/CarGuo/GSYVideoPlayer,"è§†é¢‘æ’­æ”¾å™¨ï¼ˆIJKplayerã€ExoPlayerã€MediaPlayerï¼‰ï¼ŒHTTPSï¼Œ16k page sizeï¼Œæ”¯æŒå¼¹å¹•ï¼Œå¤–æŒ‚å­—å¹•ï¼Œæ”¯æŒæ»¤é•œã€æ°´å°ã€gifæˆªå›¾ï¼Œç‰‡å¤´å¹¿å‘Šã€ä¸­é—´å¹¿å‘Šï¼Œå¤šä¸ªåŒæ—¶æ’­æ”¾ï¼Œæ”¯æŒåŸºæœ¬çš„æ‹–åŠ¨ï¼Œå£°éŸ³ã€äº®åº¦è°ƒèŠ‚ï¼Œæ”¯æŒè¾¹æ’­è¾¹ç¼“å­˜ï¼Œæ”¯æŒè§†é¢‘è‡ªå¸¦rotationçš„æ—‹è½¬ï¼ˆ90,270ä¹‹ç±»ï¼‰ï¼Œé‡åŠ›æ—‹è½¬ä¸æ‰‹åŠ¨æ—‹è½¬çš„åŒæ­¥æ”¯æŒï¼Œæ”¯æŒåˆ—è¡¨æ’­æ”¾ ï¼Œåˆ—è¡¨å…¨å±åŠ¨ç”»ï¼Œè§†é¢‘åŠ è½½é€Ÿåº¦ï¼Œåˆ—è¡¨å°çª—å£æ”¯æŒæ‹–åŠ¨ï¼ŒåŠ¨ç”»æ•ˆæœï¼Œè°ƒæ•´æ¯”ä¾‹ï¼Œå¤šåˆ†è¾¨ç‡åˆ‡æ¢ï¼Œæ”¯æŒåˆ‡æ¢æ’­æ”¾å™¨ï¼Œè¿›åº¦æ¡å°çª—å£é¢„è§ˆï¼Œåˆ—è¡¨åˆ‡æ¢è¯¦æƒ…é¡µé¢æ— ç¼æ’­æ”¾ï¼Œrtspã€concatã€mpegã€‚ ",False,2016-11-13T12:34:31Z,2025-10-29T06:19:02Z,2025-10-22T07:19:47Z,https://juejin.cn/user/817692379985752/posts,338414,21201,21201,Java,4304,15,master,"16k,android,exoplayer,ffmpeg,gsy,ijkplayer,player,ssl,video,videocache",public,apache-2.0
391055597,DSA-Bootcamp-Java,kunal-kushwaha/DSA-Bootcamp-Java,False,kunal-kushwaha,User,https://github.com/kunal-kushwaha/DSA-Bootcamp-Java,"This repository consists of the code samples, assignments, and notes for the Java data structures & algorithms + interview preparation bootcamp of WeMakeDevs.",False,2021-07-30T12:23:25Z,2025-10-29T14:06:27Z,2024-08-18T08:21:57Z,https://www.youtube.com/playlist?list=PL9gnSGHSqcnr_DxHsP7AW9ftq0AtAyYqJ,101640,20996,20996,Java,12720,618,main,"algorithms,competitive-programming,data-structures,faang-interview,faang-preparation,faang-questions,google-interview,interview-preparation,java,leetcode,leetcode-java,leetcode-solutions,math",public,
13404515,HikariCP,brettwooldridge/HikariCP,False,brettwooldridge,User,https://github.com/brettwooldridge/HikariCP,"å…‰ HikariCPãƒ»A solid, high-performance, JDBC connection pool at last.",False,2013-10-08T05:43:03Z,2025-10-29T14:20:21Z,2025-09-12T18:29:08Z,,5027,20801,20801,Java,3001,509,dev,"connection-pool,high-performance,java,jdbc",public,apache-2.0
49876476,shardingsphere,apache/shardingsphere,False,apache,Organization,https://github.com/apache/shardingsphere,"Empowering Data Intelligence with Distributed SQL for Sharding, Scalability, and Security Across All Databases.",False,2016-01-18T12:49:26Z,2025-10-29T10:49:22Z,2025-10-29T10:49:16Z,,676638,20514,20514,Java,6856,567,master,"bigdata,data-encryption,data-pipeline,database,database-cluster,database-gateway,database-middleware,distributed-database,distributed-sql-database,distributed-transaction,encrypt,mysql,postgresql,read-write-splitting,shard,sql",public,apache-2.0
144705602,DoKit,didi/DoKit,False,didi,Organization,https://github.com/didi/DoKit,ä¸€æ¬¾é¢å‘æ³›å‰ç«¯äº§å“ç ”å‘å…¨ç”Ÿå‘½å‘¨æœŸçš„æ•ˆç‡å¹³å°ã€‚,False,2018-08-14T10:32:07Z,2025-10-29T08:02:55Z,2025-08-12T11:43:04Z,,58616,20397,20397,Java,3189,273,master,"android,ios,miniapp,mockgps,monitoring,performance,tools",public,apache-2.0
311241324,Ehviewer_CN_SXJ,xiaojieonly/Ehviewer_CN_SXJ,False,xiaojieonly,User,https://github.com/xiaojieonly/Ehviewer_CN_SXJ,ehviewerï¼Œç”¨çˆ±å‘ç”µï¼Œå¿«ä¹å‰è¡Œ,False,2020-11-09T06:14:31Z,2025-10-29T14:32:56Z,2025-10-19T06:27:40Z,,13672,20389,20389,Java,544,345,BiLi_PC_Gamer,"android,apk,c,cartoon,chinese,comics,e-hentai,ehviewer,exhentai,hentai,hentai-downloader,hentai-viwer,html5,java,screenshot",public,other
75277003,thingsboard,thingsboard/thingsboard,False,thingsboard,Organization,https://github.com/thingsboard/thingsboard,"Open-source IoT Platform - Device management, data collection, processing and visualization.",False,2016-12-01T09:33:30Z,2025-10-29T13:32:20Z,2025-10-29T14:29:12Z,https://thingsboard.io,310981,20305,20305,Java,5890,196,master,"cloud,coap,dashboard,iot,iot-analytics,iot-platform,iot-solutions,java,kafka,lwm2m,microservices,middleware,mqtt,netty,platform,snmp,thingsboard,visualization,websockets,widgets",public,apache-2.0
8205602,mybatis-3,mybatis/mybatis-3,False,mybatis,Organization,https://github.com/mybatis/mybatis-3,MyBatis SQL mapper framework for Java,False,2013-02-14T19:03:32Z,2025-10-29T09:20:13Z,2025-10-28T01:39:16Z,http://mybatis.github.io/mybatis-3/,158347,20264,20264,Java,12956,207,master,"java,mybatis,sql",public,apache-2.0
23095954,RxAndroid,ReactiveX/RxAndroid,False,ReactiveX,Organization,https://github.com/ReactiveX/RxAndroid,RxJava bindings for Android,False,2014-08-19T03:46:38Z,2025-10-28T20:35:26Z,2025-10-02T11:23:59Z,,1054,20171,20171,Java,2950,1,3.x,,public,apache-2.0
126365965,litemall,linlinjava/litemall,False,linlinjava,User,https://github.com/linlinjava/litemall,åˆä¸€ä¸ªå°å•†åŸã€‚litemall = Spring Bootåç«¯ + Vueç®¡ç†å‘˜å‰ç«¯ + å¾®ä¿¡å°ç¨‹åºç”¨æˆ·å‰ç«¯ + Vueç”¨æˆ·ç§»åŠ¨ç«¯,False,2018-03-22T16:42:30Z,2025-10-29T13:51:03Z,2025-10-05T15:18:32Z,,24604,19998,19998,Java,7341,44,master,"litemall,mall,spring-boot,vue,wechat,wechat-mini-program",public,mit
148496687,SpringBoot-Labs,yudaocode/SpringBoot-Labs,False,yudaocode,Organization,https://github.com/yudaocode/SpringBoot-Labs,ä¸€ä¸ªæ¶µç›–å…­ä¸ªä¸“æ ï¼šSpring Boot 2.Xã€Spring Cloudã€Spring Cloud Alibabaã€Dubboã€åˆ†å¸ƒå¼æ¶ˆæ¯é˜Ÿåˆ—ã€åˆ†å¸ƒå¼äº‹åŠ¡çš„ä»“åº“ã€‚å¸Œæœ›èƒ–å‹å°æ‰‹ä¸€æŠ–ï¼Œå³ä¸Šè§’æ¥ä¸ª Starï¼Œæ„Ÿæ© 1024,False,2018-09-12T14:51:46Z,2025-10-29T09:26:08Z,2024-04-28T06:20:25Z,,1813,19932,19932,Java,6164,46,master,"activemq,dubbo,kafka,rabbitmq,rocketmq,spring-boot,spring-cloud,spring-cloud-alibaba",public,
2489216,intellij-community,JetBrains/intellij-community,False,JetBrains,Organization,https://github.com/JetBrains/intellij-community,IntelliJ IDEA & IntelliJ Platform,False,2011-09-30T13:33:05Z,2025-10-29T14:41:08Z,2025-10-29T13:49:06Z,https://jetbrains.com/idea,5482435,19055,19055,Java,5580,154,master,"code-editor,ide,intellij,intellij-community,intellij-platform",public,apache-2.0
719980575,awesome-low-level-design,ashishps1/awesome-low-level-design,False,ashishps1,User,https://github.com/ashishps1/awesome-low-level-design,Learn Low Level Design (LLD) and prepare for interviews using free resources.,False,2023-11-17T10:15:12Z,2025-10-29T15:18:40Z,2025-10-25T14:41:17Z,https://blog.algomaster.io,15682,19046,19046,Java,4708,43,main,"awesome,design-patterns,interview,interview-practice,interview-questions,lld,low-level-design,machine-coding,object-oriented-programming,oops,solid-principles,uml",public,gpl-3.0
7010724,cat,dianping/cat,False,dianping,Organization,https://github.com/dianping/cat,"CAT ä½œä¸ºæœåŠ¡ç«¯é¡¹ç›®åŸºç¡€ç»„ä»¶ï¼Œæä¾›äº† Java, C/C++, Node.js, Python, Go ç­‰å¤šè¯­è¨€å®¢æˆ·ç«¯ï¼Œå·²ç»åœ¨ç¾å›¢ç‚¹è¯„çš„åŸºç¡€æ¶æ„ä¸­é—´ä»¶æ¡†æ¶ï¼ˆMVCæ¡†æ¶ï¼ŒRPCæ¡†æ¶ï¼Œæ•°æ®åº“æ¡†æ¶ï¼Œç¼“å­˜æ¡†æ¶ç­‰ï¼Œæ¶ˆæ¯é˜Ÿåˆ—ï¼Œé…ç½®ç³»ç»Ÿç­‰ï¼‰æ·±åº¦é›†æˆï¼Œä¸ºç¾å›¢ç‚¹è¯„å„ä¸šåŠ¡çº¿æä¾›ç³»ç»Ÿä¸°å¯Œçš„æ€§èƒ½æŒ‡æ ‡ã€å¥åº·çŠ¶å†µã€å®æ—¶å‘Šè­¦ç­‰ã€‚",False,2012-12-05T02:31:48Z,2025-10-29T13:28:16Z,2025-01-04T10:23:47Z,,114117,18951,18951,Java,5440,213,master,"apm,distributed,java,metrics,monitoring,realtime,tracing",public,apache-2.0
5084750,PhotoView,Baseflow/PhotoView,False,Baseflow,Organization,https://github.com/Baseflow/PhotoView,"Implementation of ImageView for Android that supports zooming, by various touch gestures.",False,2012-07-17T16:39:00Z,2025-10-29T05:58:06Z,2022-03-25T09:53:49Z,https://baseflow.com,16896,18879,18879,Java,3927,223,master,,public,apache-2.0
501687,antlr4,antlr/antlr4,False,antlr,Organization,https://github.com/antlr/antlr4,"ANTLR (ANother Tool for Language Recognition) is a powerful parser generator for reading, processing, executing, or translating structured text or binary files.",False,2010-02-04T01:36:28Z,2025-10-29T09:15:36Z,2025-10-29T09:15:24Z,http://antlr.org,70624,18456,18456,Java,3408,1042,dev,"antlr,antlr4,cpp,csharp,dart,golang,grammar,java,javascript,language-recognition,parse,parser-generator,parsing,php,python,swift",public,bsd-3-clause
85371262,Algorithms,williamfiset/Algorithms,False,williamfiset,User,https://github.com/williamfiset/Algorithms,A collection of algorithms and data structures,False,2017-03-18T02:50:46Z,2025-10-29T14:16:13Z,2024-12-30T10:03:15Z,,1274506,18300,18300,Java,4507,117,master,"adjacency,adjacency-matrix,algorithm,algorithms,dijkstra,dynamic-programming,edmonds-karp-algorithm,geometry,graph-theory,linear-algebra,mathematics,matrix-multiplication,maxflow,nlog,search-algorithm,search-algorithms,sorting-algorithms,strings,traveling-salesman,tree-algorithms",public,mit
45363955,ip2region,lionsoul2014/ip2region,False,lionsoul2014,User,https://github.com/lionsoul2014/ip2region,"Ip2region is an offline IP address manager framework and locator with both IPv4 and IPv6 supported, supporting billions of data segments, ten microsecond searching performance, xdb search client for many programming languages",False,2015-11-02T00:43:13Z,2025-10-29T08:17:06Z,2025-10-29T14:59:31Z,https://ip2region.net,112329,18299,18299,Java,2927,5,master,"ip-address,ip-address-database,ip-address-location,ip-location,ip-lookup,ipv4-address,ipv4-lookup,ipv4-support,ipv6-address,ipv6-lookup,ipv6-support,xdb-engine,xdb-ipv4,xdb-ipv6",public,apache-2.0
237940592,Sa-Token,dromara/Sa-Token,False,dromara,Organization,https://github.com/dromara/Sa-Token,ä¸€ä¸ªè½»é‡çº§ Java æƒé™è®¤è¯æ¡†æ¶ï¼Œè®©é‰´æƒå˜å¾—ç®€å•ã€ä¼˜é›…ï¼â€”â€” ç™»å½•è®¤è¯ã€æƒé™è®¤è¯ã€åˆ†å¸ƒå¼Sessionä¼šè¯ã€å¾®æœåŠ¡ç½‘å…³é‰´æƒã€å•ç‚¹ç™»å½•ã€OAuth2.0,False,2020-02-03T10:34:29Z,2025-10-29T07:09:02Z,2025-10-23T10:41:53Z,https://sa-token.cc,8788,18282,18282,Java,2836,130,dev,"aouth2,authorization,java,springcloud,sso,token",public,apache-2.0
74359442,APIJSON,Tencent/APIJSON,False,Tencent,Organization,https://github.com/Tencent/APIJSON,"ğŸ† å®æ—¶ é›¶ä»£ç ã€å…¨åŠŸèƒ½ã€å¼ºå®‰å…¨ ORM åº“ ğŸš€ åç«¯æ¥å£å’Œæ–‡æ¡£é›¶ä»£ç ï¼Œå‰ç«¯(å®¢æˆ·ç«¯) å®šåˆ¶è¿”å› JSON çš„æ•°æ®å’Œç»“æ„ ğŸ† Real-Time coding-free, powerful and secure ORM ğŸš€  providing APIs and Docs without coding by Backend, and the returned JSON of API can be customized by Frontend(Client) users",False,2016-11-21T12:03:29Z,2025-10-29T14:18:41Z,2025-10-27T03:12:35Z,http://apijson.cn,73407,18253,18253,Java,2261,237,master,"baas,clickhouse,crud,databricks,elasticsearch,hadoop,hive,influxdb,low-code,lowcode,milvus,nocode,oracle,postgresql,postgresql-database,serverless,snowflake,sqlserver,tdengine,tidb",public,other
5901900,disruptor,LMAX-Exchange/disruptor,False,LMAX-Exchange,Organization,https://github.com/LMAX-Exchange/disruptor,High Performance Inter-Thread Messaging Library,False,2012-09-21T13:42:24Z,2025-10-29T08:56:27Z,2025-04-02T13:03:33Z,http://lmax-exchange.github.io/disruptor/,10129,18063,18063,Java,3957,11,master,"concurrency,disruptor,java",public,apache-2.0
184611677,yudao-cloud,YunaiV/yudao-cloud,False,YunaiV,User,https://github.com/YunaiV/yudao-cloud,ruoyi-vue-pro å…¨æ–° Cloud ç‰ˆæœ¬ï¼Œä¼˜åŒ–é‡æ„æ‰€æœ‰åŠŸèƒ½ã€‚åŸºäº Spring Cloud Alibaba + MyBatis Plus + Vue & Element å®ç°çš„åå°ç®¡ç†ç³»ç»Ÿ + ç”¨æˆ·å°ç¨‹åºï¼Œæ”¯æŒ RBAC åŠ¨æ€æƒé™ã€å¤šç§Ÿæˆ·ã€æ•°æ®æƒé™ã€å·¥ä½œæµã€ä¸‰æ–¹ç™»å½•ã€æ”¯ä»˜ã€çŸ­ä¿¡ã€å•†åŸã€CRMã€ERPã€AI å¤§æ¨¡å‹ç­‰åŠŸèƒ½ã€‚ä½ çš„ â­ï¸ Star â­ï¸ï¼Œæ˜¯ä½œè€…ç”Ÿå‘çš„åŠ¨åŠ›ï¼,False,2019-05-02T16:06:49Z,2025-10-29T14:34:34Z,2025-10-22T19:40:51Z,https://cloud.iocoder.cn,45639,18025,18025,Java,4526,10,master,"dubbo,elasticsearch,mall,mysql,nacos,redis,rocketmq,seata,sharding-sphere,skywalking,spring-cloud,spring-cloud-alibaba,springboot,springcloud,xxl-job,zookeeper",public,mit
87624870,SpringCloudLearning,forezp/SpringCloudLearning,False,forezp,User,https://github.com/forezp/SpringCloudLearning,ã€Šå²ä¸Šæœ€ç®€å•çš„Spring Cloudæ•™ç¨‹æºç ã€‹,False,2017-04-08T10:06:56Z,2025-10-23T11:56:04Z,2021-04-12T09:53:47Z,,582,17980,17980,Java,8021,50,master,"consul,eureka,feign,finchley,gateway,hystrix,hystrix-dashboard,hystrix-turbine,ribbon,sleuth,spring,spring-boot,spring-cloud,springbootadmin,zuul",public,
67481986,tinker,Tencent/tinker,False,Tencent,Organization,https://github.com/Tencent/tinker,"Tinker is a hot-fix solution library for Android, it supports dex, library and resources update without reinstall apk.",False,2016-09-06T06:57:52Z,2025-10-29T04:16:42Z,2025-10-13T16:08:26Z,,7068,17681,17681,Java,3362,550,dev,"android,dynamic,hotfix,wechat",public,other
4576305,zipkin,openzipkin/zipkin,False,openzipkin,Organization,https://github.com/openzipkin/zipkin,Zipkin is a distributed tracing system,False,2012-06-06T18:26:16Z,2025-10-29T11:41:11Z,2025-08-15T10:47:47Z,https://zipkin.io/,77306,17330,17330,Java,3105,171,master,"distributed-tracing,observability,openzipkin,tracing,zipkin",public,apache-2.0
2993595,analysis-ik,infinilabs/analysis-ik,False,infinilabs,Organization,https://github.com/infinilabs/analysis-ik,"ğŸšŒ The IK Analysis plugin integrates Lucene IK analyzer into Elasticsearch and OpenSearch, support customized dictionary.",False,2011-12-16T09:01:45Z,2025-10-29T01:17:00Z,2025-10-23T09:15:56Z,,12410,17269,17269,Java,3306,382,master,"analyzer,easysearch,elasticsearch,ik-analysis,java,opensearch",public,apache-2.0
168500397,JustAuth,justauth/JustAuth,False,justauth,Organization,https://github.com/justauth/JustAuth,"ğŸ†Gitee æœ€æœ‰ä»·å€¼å¼€æºé¡¹ç›® ğŸš€:100: å°è€Œå…¨è€Œç¾çš„ç¬¬ä¸‰æ–¹ç™»å½•å¼€æºç»„ä»¶ã€‚ç›®å‰å·²æ”¯æŒGithubã€Giteeã€å¾®åšã€é’‰é’‰ã€ç™¾åº¦ã€Codingã€è…¾è®¯äº‘å¼€å‘è€…å¹³å°ã€OSChinaã€æ”¯ä»˜å®ã€QQã€å¾®ä¿¡ã€æ·˜å®ã€Googleã€Facebookã€æŠ–éŸ³ã€é¢†è‹±ã€å°ç±³ã€å¾®è½¯ã€ä»Šæ—¥å¤´æ¡ã€Teambitionã€StackOverflowã€Pinterestã€äººäººã€åä¸ºã€ä¼ä¸šå¾®ä¿¡ã€é…·å®¶ä¹ã€Gitlabã€ç¾å›¢ã€é¥¿äº†ä¹ˆã€æ¨ç‰¹ã€é£ä¹¦ã€äº¬ä¸œã€é˜¿é‡Œäº‘ã€å–œé©¬æ‹‰é›…ã€Amazonã€Slackå’Œ Line ç­‰ç¬¬ä¸‰æ–¹å¹³å°çš„æˆæƒç™»å½•ã€‚ Login, so easy!",False,2019-01-31T09:42:20Z,2025-10-29T09:24:54Z,2025-10-17T14:00:44Z,https://www.justauth.cn,9626,17247,17247,Java,2837,70,master,"googlelogin,justauth,oauth2,qqlogin,weixinlogin",public,mit
65987043,mybatis-plus,baomidou/mybatis-plus,False,baomidou,Organization,https://github.com/baomidou/mybatis-plus,An powerful enhanced toolkit of MyBatis for simplify development,False,2016-08-18T10:06:53Z,2025-10-29T15:21:24Z,2025-10-21T09:14:55Z,https://baomidou.com,32268,17165,17165,Java,4421,101,3.0,"mybatis,mybatis-plus,mybatis-spring,mysql,orm,orm-framework,postgresql,toolkit",public,apache-2.0
27954927,caffeine,ben-manes/caffeine,False,ben-manes,User,https://github.com/ben-manes/caffeine,A high performance caching library for Java,False,2014-12-13T08:45:11Z,2025-10-29T13:26:15Z,2025-10-28T21:17:56Z,,109991,17156,17156,Java,1668,1,master,,public,apache-2.0
31533997,fresco,facebook/fresco,False,facebook,Organization,https://github.com/facebook/fresco,An Android library for managing images and the memory they use.,False,2015-03-02T09:58:04Z,2025-10-29T08:39:55Z,2025-10-29T08:39:49Z,https://frescolib.org/,79146,17148,17148,Java,3758,253,main,,public,mit
2862290,Android-Universal-Image-Loader,nostra13/Android-Universal-Image-Loader,False,nostra13,User,https://github.com/nostra13/Android-Universal-Image-Loader,"Powerful and flexible library for loading, caching and displaying images on Android.",False,2011-11-27T18:48:23Z,2025-10-28T21:51:10Z,2024-08-15T11:03:23Z,,27133,17035,17035,Java,6062,459,master,,public,apache-2.0
75643096,material-components-android,material-components/material-components-android,False,material-components,Organization,https://github.com/material-components/material-components-android,Modular and customizable Material Design UI components for Android,False,2016-12-05T16:11:29Z,2025-10-29T11:13:07Z,2025-10-22T18:54:54Z,,181355,16992,16992,Java,3184,769,master,"android,material-components,material-design",public,apache-2.0
117965972,DataX,alibaba/DataX,False,alibaba,Organization,https://github.com/alibaba/DataX,DataXæ˜¯é˜¿é‡Œäº‘DataWorksæ•°æ®é›†æˆçš„å¼€æºç‰ˆæœ¬ã€‚,False,2018-01-18T10:09:47Z,2025-10-29T09:28:10Z,2025-07-01T01:42:28Z,,22958,16894,16894,Java,5628,1338,master,,public,other
17804584,java8-tutorial,winterbe/java8-tutorial,False,winterbe,User,https://github.com/winterbe/java8-tutorial,Modern Java - A Guide to Java 8,False,2014-03-16T17:25:43Z,2025-10-28T13:37:58Z,2023-08-11T18:44:34Z,http://winterbe.com,149,16785,16785,Java,4030,19,master,"guide,java,java-8,lambda-expressions,learning,parallel-streams,stream,tutorial",public,mit
69953445,zheng,shuzheng/zheng,False,shuzheng,User,https://github.com/shuzheng/zheng,åŸºäºSpring+SpringMVC+Mybatisåˆ†å¸ƒå¼æ•æ·å¼€å‘ç³»ç»Ÿæ¶æ„ï¼Œæä¾›æ•´å¥—å…¬å…±å¾®æœåŠ¡æœåŠ¡æ¨¡å—ï¼šé›†ä¸­æƒé™ç®¡ç†ï¼ˆå•ç‚¹ç™»å½•ï¼‰ã€å†…å®¹ç®¡ç†ã€æ”¯ä»˜ä¸­å¿ƒã€ç”¨æˆ·ç®¡ç†ï¼ˆæ”¯æŒç¬¬ä¸‰æ–¹ç™»å½•ï¼‰ã€å¾®ä¿¡å¹³å°ã€å­˜å‚¨ç³»ç»Ÿã€é…ç½®ä¸­å¿ƒã€æ—¥å¿—åˆ†æã€ä»»åŠ¡å’Œé€šçŸ¥ç­‰ï¼Œæ”¯æŒæœåŠ¡æ²»ç†ã€ç›‘æ§å’Œè¿½è¸ªï¼ŒåŠªåŠ›ä¸ºä¸­å°å‹ä¼ä¸šæ‰“é€ å…¨æ–¹ä½J2EEä¼ä¸šçº§å¼€å‘è§£å†³æ–¹æ¡ˆã€‚,False,2016-10-04T10:07:06Z,2025-10-28T13:25:26Z,2022-12-16T09:53:00Z,,41267,16723,16723,Java,7329,78,master,"activemq,alioss,druid,dubbo,ehcache,fastdfs,microservices,mybatis,mybatis-generator,quartz,redis,sequence,shiro,solr,spring,spring-session,springmvc,swagger2,tbschedule,zookeeper",public,mit
174765647,BigData-Notes,heibaiying/BigData-Notes,False,heibaiying,User,https://github.com/heibaiying/BigData-Notes,å¤§æ•°æ®å…¥é—¨æŒ‡å—  :star:,False,2019-03-10T01:40:01Z,2025-10-29T13:32:57Z,2024-01-05T03:00:32Z,,24052,16722,16722,Java,4309,37,master,"azkaban,big-data,bigdata,flume,hadoop,hbase,hdfs,hive,kafka,mapreduce,phoenix,scala,spark,sqoop,storm,yarn,zookeeper",public,
190964861,tech-interview-for-developer,gyoogle/tech-interview-for-developer,False,gyoogle,User,https://github.com/gyoogle/tech-interview-for-developer,ğŸ‘¶ğŸ» ì‹ ì… ê°œë°œì ì „ê³µ ì§€ì‹ & ê¸°ìˆ  ë©´ì ‘ ë°±ê³¼ì‚¬ì „ ğŸ“–,False,2019-06-09T04:42:57Z,2025-10-29T12:03:21Z,2025-06-04T08:16:06Z,https://gyoogle.dev/,6616,16713,16713,Java,3697,17,master,"algorithm,computer-science,cs,data-structures,database,developer,interview,it,java,javascript,language,seminar,sql,tech,web",public,mit
482520194,Grasscutter,Grasscutters/Grasscutter,False,Grasscutters,Organization,https://github.com/Grasscutters/Grasscutter,A server software reimplementation for a certain anime game.,False,2022-04-17T12:43:46Z,2025-10-29T08:39:56Z,2025-04-27T02:05:59Z,https://grasscutter.io/,101542,16690,16690,Java,4418,148,development,"java,kcp,private-server,server",public,agpl-3.0
81057842,springboot-learning-example,JeffLi1993/springboot-learning-example,False,JeffLi1993,User,https://github.com/JeffLi1993/springboot-learning-example,spring boot å®è·µå­¦ä¹ æ¡ˆä¾‹ï¼Œæ˜¯ spring boot åˆå­¦è€…åŠæ ¸å¿ƒæŠ€æœ¯å·©å›ºçš„æœ€ä½³å®è·µã€‚,False,2017-02-06T07:02:25Z,2025-10-29T09:27:38Z,2023-12-03T12:33:47Z,https://openaigptguide.com/,407,16569,16569,Java,7127,54,master,"dubbo,elasticsearch,jpa,mybatis,redis,springboot,webflux",public,apache-2.0
5349565,presto,prestodb/presto,False,prestodb,Organization,https://github.com/prestodb/presto,The official home of the Presto distributed SQL query engine for big data,False,2012-08-09T01:03:37Z,2025-10-29T13:17:17Z,2025-10-29T04:56:33Z,http://prestodb.io,256795,16549,16549,Java,5503,2642,master,"big-data,data,hadoop,hive,java,lakehouse,presto,query,sql",public,apache-2.0
19257422,questdb,questdb/questdb,False,questdb,Organization,https://github.com/questdb/questdb,"QuestDB is a high performance, open-source, time-series database",False,2014-04-28T23:29:15Z,2025-10-29T08:19:05Z,2025-10-29T15:23:42Z,https://questdb.com,932695,16321,16321,Java,1506,792,master,"capital-markets,cpp,database,financial-analysis,grafana,java,kdb,low-latency,market-data,olap,parquet,postgresql,questdb,real-time-analytics,simd,sql,tick-data,time-series,time-series-database,tsdb",public,apache-2.0
112717963,VirtualXposed,android-hacker/VirtualXposed,False,android-hacker,Organization,https://github.com/android-hacker/VirtualXposed,"A simple app to use Xposed without root, unlock the bootloader or modify system image, etc.",False,2017-12-01T09:00:58Z,2025-10-29T11:37:50Z,2024-03-08T05:09:27Z,https://vxp.app,49794,15836,15836,Java,2521,150,vxp,"android,aop,hook,non-root,xposed",public,gpl-3.0
66179765,SpringBoot-Learning,dyc87112/SpringBoot-Learning,False,dyc87112,User,https://github.com/dyc87112/SpringBoot-Learning,ã€ŠSpring BootåŸºç¡€æ•™ç¨‹ã€‹ï¼Œ2.xç‰ˆæœ¬æŒç»­è¿è½½ä¸­ï¼ç‚¹å‡»ä¸‹æ–¹é“¾æ¥ç›´è¾¾æ•™ç¨‹ç›®å½•ï¼,False,2016-08-21T03:39:06Z,2025-10-29T10:30:51Z,2023-12-17T15:45:30Z,https://blog.didispace.com/spring-boot-learning-2x/,34384,15786,15786,Java,4861,68,master,"dubbo,jdbctemplate,log4j,mybatis,redis,spring-boot,spring-cloud,spring-data-jpa",public,
23112526,Android-CleanArchitecture,android10/Android-CleanArchitecture,False,android10,User,https://github.com/android10/Android-CleanArchitecture,This is a sample app that is part of a series of blog posts I have written about how to architect an android application using Uncle Bob's clean architecture approach.,False,2014-08-19T14:09:26Z,2025-10-28T14:47:47Z,2023-04-28T06:54:52Z,,5191,15576,15576,Java,3299,144,master,"android,android-application,android-architecture,android-cleanarchitecture,android-development,architectural,java",public,apache-2.0
23418517,hadoop,apache/hadoop,False,apache,Organization,https://github.com/apache/hadoop,Apache Hadoop,False,2014-08-28T07:00:08Z,2025-10-29T13:58:00Z,2025-10-27T05:46:22Z,https://hadoop.apache.org/,597785,15335,15335,Java,9142,716,trunk,hadoop,public,apache-2.0
6207167,mockito,mockito/mockito,False,mockito,Organization,https://github.com/mockito/mockito,Most popular Mocking framework for unit tests written in Java,False,2012-10-13T20:27:12Z,2025-10-28T06:32:39Z,2025-10-27T21:15:48Z,http://mockito.org,49560,15295,15295,Java,2643,476,main,"java,java-library,mock,mock-library,mocking,mocking-framework,mockito,mocks,test-automation,test-driven-development,testing,testing-tools",public,mit
6650539,neo4j,neo4j/neo4j,False,neo4j,Organization,https://github.com/neo4j/neo4j,Graphs for Everyone,False,2012-11-12T08:46:15Z,2025-10-29T10:16:08Z,2025-10-20T13:57:30Z,http://neo4j.com,676583,15285,15285,Java,2529,264,release/5.26.0,"cypher,database,graph,graph-database,graphdb,neo4j,nosql",public,gpl-3.0
25201361,bytecode-viewer,Konloch/bytecode-viewer,False,Konloch,User,https://github.com/Konloch/bytecode-viewer,"A Java 8+ Jar & Android APK Reverse Engineering Suite (Decompiler, Editor, Debugger & More)",False,2014-10-14T10:26:46Z,2025-10-29T05:01:36Z,2025-10-06T05:08:04Z,https://bytecodeviewer.com,648667,15274,15274,Java,1205,103,master,"android,apk,baksmali,bytecode,bytecode-viewer,cfr,compiler,decompiler,dex2jar,fernflower,hacktoberfest,java,java-decompiler,jsp,krakatau,procyon,recompiler,smali,static-analysis,war",public,gpl-3.0
139914932,quarkus,quarkusio/quarkus,False,quarkusio,Organization,https://github.com/quarkusio/quarkus,Quarkus: Supersonic Subatomic Java. ,False,2018-07-06T00:44:20Z,2025-10-29T15:21:08Z,2025-10-29T15:21:00Z,https://quarkus.io,439489,15141,15141,Java,2993,2690,main,"cloud-native,hacktoberfest,java,kubernetes,reactive",public,apache-2.0
163721192,flink-learning,zhisheng17/flink-learning,False,zhisheng17,User,https://github.com/zhisheng17/flink-learning,flink learning blog. http://www.54tianzhisheng.cn/  å« Flink å…¥é—¨ã€æ¦‚å¿µã€åŸç†ã€å®æˆ˜ã€æ€§èƒ½è°ƒä¼˜ã€æºç è§£æç­‰å†…å®¹ã€‚æ¶‰åŠ Flink Connectorã€Metricsã€Libraryã€DataStream APIã€Table API & SQL ç­‰å†…å®¹çš„å­¦ä¹ æ¡ˆä¾‹ï¼Œè¿˜æœ‰ Flink è½åœ°åº”ç”¨çš„å¤§å‹é¡¹ç›®æ¡ˆä¾‹ï¼ˆPVUVã€æ—¥å¿—å­˜å‚¨ã€ç™¾äº¿æ•°æ®å®æ—¶å»é‡ã€ç›‘æ§å‘Šè­¦ï¼‰åˆ†äº«ã€‚æ¬¢è¿å¤§å®¶æ”¯æŒæˆ‘çš„ä¸“æ ã€Šå¤§æ•°æ®å®æ—¶è®¡ç®—å¼•æ“ Flink å®æˆ˜ä¸æ€§èƒ½ä¼˜åŒ–ã€‹,False,2019-01-01T07:38:28Z,2025-10-29T12:41:20Z,2025-03-12T03:53:35Z,http://www.54tianzhisheng.cn/tags/Flink/,43620,14957,14957,Java,3958,1,master,"clickhouse,elasticsearch,flink,hbase,influxdb,kafka,loki,mysql,opentsdb,rabbitmq,redis,rocketmq,spark,stream-processing,streaming",public,apache-2.0
62117812,pulsar,apache/pulsar,False,apache,Organization,https://github.com/apache/pulsar,Apache Pulsar - distributed pub-sub messaging system,False,2016-06-28T07:00:03Z,2025-10-29T12:29:15Z,2025-10-29T12:29:10Z,https://pulsar.apache.org/,250228,14932,14932,Java,3685,1627,master,"event-streaming,messaging,pubsub,pulsar,queuing,streaming",public,apache-2.0
32844456,jd-gui,java-decompiler/jd-gui,False,java-decompiler,Organization,https://github.com/java-decompiler/jd-gui,A standalone Java Decompiler GUI,False,2015-03-25T05:28:41Z,2025-10-29T14:03:24Z,2024-07-08T18:45:59Z,,56989,14831,14831,Java,2464,243,master,,public,gpl-3.0
1090311,logstash,elastic/logstash,False,elastic,Organization,https://github.com/elastic/logstash,"Logstash - transport and process your logs, events, or other data",False,2010-11-18T01:31:50Z,2025-10-29T09:53:21Z,2025-10-29T11:25:33Z,https://www.elastic.co/products/logstash,132463,14689,14689,Java,3518,2220,main,"etl-framework,java,jruby,logging,real-time-processing,streaming",public,other
231921809,supertokens-core,supertokens/supertokens-core,False,supertokens,Organization,https://github.com/supertokens/supertokens-core,Open source alternative to Auth0 / Firebase Auth / AWS Cognito ,False,2020-01-05T13:30:52Z,2025-10-29T05:12:46Z,2025-10-29T10:57:54Z,https://supertokens.com,149628,14658,14658,Java,628,147,master,"auth0,authentication,aws-cognito,email-password,email-password-login,firebase-auth,hacktoberfest,java,keycloak,login,oauth,password,passwordless,passwordless-authentication,passwordless-login,session-management,signin,social-login,supertokens",public,other
1911523,vert.x,eclipse-vertx/vert.x,False,eclipse-vertx,Organization,https://github.com/eclipse-vertx/vert.x,Vert.x is a tool-kit for building reactive applications on the JVM,False,2011-06-17T14:54:55Z,2025-10-29T10:04:53Z,2025-10-29T10:31:37Z,http://vertx.io,122843,14589,14589,Java,2101,209,master,"concurrency,event-loop,high-performance,http2,java,jvm,netty,nio,non-blocking,reactive,vertx",public,other
16005410,CircleImageView,hdodenhof/CircleImageView,False,hdodenhof,User,https://github.com/hdodenhof/CircleImageView,A circular ImageView for Android,False,2014-01-17T16:44:46Z,2025-10-26T21:33:18Z,2024-05-03T11:20:49Z,,1003,14533,14533,Java,3114,7,master,"android,imageview,widget",public,apache-2.0
99919302,doris,apache/doris,False,apache,Organization,https://github.com/apache/doris,"Apache Doris is an easy-to-use, high performance and unified analytics database.",False,2017-08-10T12:13:30Z,2025-10-29T14:12:34Z,2025-10-29T14:13:50Z,https://doris.apache.org,1164054,14521,14521,Java,3586,815,master,"agent,ai,bigquery,database,dbt,delta-lake,elt,hudi,iceberg,lakehouse,olap,paimon,query-engine,real-time,redshift,snowflake,spark,sql",public,apache-2.0
88970564,QMUI_Android,Tencent/QMUI_Android,False,Tencent,Organization,https://github.com/Tencent/QMUI_Android,æé«˜ Android UI å¼€å‘æ•ˆç‡çš„ UI åº“,False,2017-04-21T10:03:18Z,2025-10-29T06:58:52Z,2024-11-05T06:18:02Z,http://qmuiteam.com/android,21963,14511,14511,Java,2679,428,master,"android,android-ui,ui-components",public,other
76413186,ARouter,alibaba/ARouter,False,alibaba,Organization,https://github.com/alibaba/ARouter,ğŸ’ª A framework for assisting in the renovation of Android componentization (å¸®åŠ© Android App è¿›è¡Œç»„ä»¶åŒ–æ”¹é€ çš„è·¯ç”±æ¡†æ¶),False,2016-12-14T01:27:49Z,2025-10-29T09:08:28Z,2023-09-11T06:07:41Z,,26589,14498,14498,Java,2613,136,develop,"android,componentization,dependency-injection,interceptor,navigation,router",public,apache-2.0
919161,Arduino,arduino/Arduino,False,arduino,Organization,https://github.com/arduino/Arduino,Arduino IDE 1.x,False,2010-09-17T19:10:36Z,2025-10-29T12:42:14Z,2025-10-11T09:27:40Z,https://www.arduino.cc/en/software,1387855,14454,14454,Java,6997,741,master,"arduino,ide",public,other
156317154,onedev,theonedev/onedev,False,theonedev,Organization,https://github.com/theonedev/onedev,"Git Server with CI/CD, Kanban, and Packages. Seamless integration. Unparalleled experience.",False,2018-11-06T02:57:01Z,2025-10-29T14:23:47Z,2025-10-18T09:59:24Z,https://onedev.io,233584,14423,14423,Java,916,0,main,"ci-cd,devops,git,kanban,packages,self-hosted",public,mit
36817565,zaproxy,zaproxy/zaproxy,False,zaproxy,Organization,https://github.com/zaproxy/zaproxy,The ZAP by Checkmarx Core project,False,2015-06-03T16:55:01Z,2025-10-29T10:03:49Z,2025-10-29T12:20:29Z,https://www.zaproxy.org,201354,14278,14278,Java,2447,846,main,"appsec,dast,hacktoberfest,opensource,security,security-scanner,zap,zap-development,zaproxy",public,apache-2.0
14734876,deeplearning4j,deeplearning4j/deeplearning4j,False,deeplearning4j,Organization,https://github.com/deeplearning4j/deeplearning4j,"Suite of tools for deploying and training deep learning models using the JVM. Highlights include model import for keras, tensorflow, and onnx/pytorch, a modular and tiny c++ library for running math code and a java based math library on top of the core c++ library. Also includes samediff: a pytorch/tensorflow like library for running deep learn...",False,2013-11-27T02:03:28Z,2025-10-29T12:49:04Z,2025-10-26T20:29:24Z,http://deeplearning4j.konduit.ai,764988,14128,14128,Java,3858,680,master,"artificial-intelligence,clojure,deeplearning,deeplearning4j,dl4j,gpu,hadoop,intellij,java,linear-algebra,matrix-library,neural-nets,python,scala,spark",public,apache-2.0
118497841,jib,GoogleContainerTools/jib,False,GoogleContainerTools,Organization,https://github.com/GoogleContainerTools/jib,ğŸ— Build container images for your Java applications.,False,2018-01-22T18:30:43Z,2025-10-28T21:04:08Z,2025-10-27T01:05:27Z,,16745,14049,14049,Java,1456,238,master,"containers,docker,docker-registry,gradle,gradle-plugin,java,jib,kubernetes,maven,maven-plugin,microservices,oci",public,apache-2.0
8759133,zuul,Netflix/zuul,False,Netflix,Organization,https://github.com/Netflix/zuul,"Zuul is a gateway service that provides dynamic routing, monitoring, resiliency, security, and more.",False,2013-03-13T18:53:57Z,2025-10-29T13:54:37Z,2025-10-27T23:51:45Z,,6268,13925,13925,Java,2427,9,master,,public,apache-2.0
173335706,dolphinscheduler,apache/dolphinscheduler,False,apache,Organization,https://github.com/apache/dolphinscheduler,Apache DolphinScheduler is the modern data orchestration platform. Agile to create high performance workflow with low-code,False,2019-03-01T16:39:25Z,2025-10-29T15:07:50Z,2025-10-29T15:07:39Z,https://dolphinscheduler.apache.org/,220817,13908,13908,Java,4925,259,dev,"airflow,azkaban,cloud-native,data-pipelines,job-scheduler,orchestration,powerful-data-pipelines,task-scheduler,workflow,workflow-orchestration,workflow-schedule",public,apache-2.0
32610336,logger,orhanobut/logger,False,orhanobut,User,https://github.com/orhanobut/logger,"âœ”ï¸ Simple, pretty and powerful logger for android",False,2015-03-20T22:30:12Z,2025-10-25T08:19:33Z,2022-09-14T10:04:00Z,,1873,13887,13887,Java,2141,81,master,"android,java,json-logging,log,logcat,logger,pretty-printer,timber",public,apache-2.0
16446099,cryptomator,cryptomator/cryptomator,False,cryptomator,Organization,https://github.com/cryptomator/cryptomator,"Cryptomator for Windows, macOS, and Linux: Secure client-side encryption for your cloud storage, ensuring privacy and control over your data.",False,2014-02-02T00:43:47Z,2025-10-29T14:22:36Z,2025-10-29T14:22:32Z,https://cryptomator.org,26021,13866,13866,Java,1229,283,develop,"cloud-storage,crypto,cryptography,cryptomator,encryption,java,privacy,security",public,gpl-3.0
6358188,druid,apache/druid,False,apache,Organization,https://github.com/apache/druid,Apache Druid: a high performance real-time analytics database.,False,2012-10-23T19:08:07Z,2025-10-29T11:44:28Z,2025-10-29T09:12:06Z,https://druid.apache.org/,404535,13854,13854,Java,3759,746,master,druid,public,apache-2.0
46844958,Java,DuGuQiuBai/Java,False,DuGuQiuBai,Organization,https://github.com/DuGuQiuBai/Java,27å¤©æˆä¸ºJavaå¤§ç¥,False,2015-11-25T07:30:08Z,2025-10-29T07:52:58Z,2024-07-20T03:42:57Z,,24346,13832,13832,Java,5158,78,master,,public,artistic-2.0
709588939,awesome-leetcode-resources,ashishps1/awesome-leetcode-resources,False,ashishps1,User,https://github.com/ashishps1/awesome-leetcode-resources,Awesome LeetCode resources to learn Data Structures and Algorithms and prepare for Coding Interviews.,False,2023-10-25T01:48:19Z,2025-10-29T11:55:08Z,2025-06-10T08:13:10Z,https://blog.algomaster.io,244,13806,13806,Java,3094,10,main,"algorithms,coding,data-structures,leetcode,leetcode-patterns",public,gpl-3.0
31865176,Material-Animations,lgvalle/Material-Animations,False,lgvalle,User,https://github.com/lgvalle/Material-Animations,Android Transition animations explanation with examples.,False,2015-03-08T20:54:00Z,2025-10-29T04:15:10Z,2019-04-02T15:42:38Z,,8692,13772,13772,Java,2460,20,master,,public,mit
33082868,piggymetrics,sqshq/piggymetrics,False,sqshq,User,https://github.com/sqshq/piggymetrics,"Microservice Architecture with Spring Boot, Spring Cloud and Docker",False,2015-03-29T17:56:31Z,2025-10-29T08:22:27Z,2024-05-17T09:38:48Z,,1512,13757,13757,Java,6341,23,master,"docker,microservice,microservices,spring-boot,spring-cloud",public,mit
67778031,spring-analysis,seaswalker/spring-analysis,False,seaswalker,User,https://github.com/seaswalker/spring-analysis,Springæºç é˜…è¯»,False,2016-09-09T07:46:32Z,2025-10-27T21:08:49Z,2023-03-24T12:08:27Z,,4951,13744,13744,Java,4169,19,master,"notes,source-code-analysis,spring",public,
25459400,pinpoint,pinpoint-apm/pinpoint,False,pinpoint-apm,Organization,https://github.com/pinpoint-apm/pinpoint,"APM, (Application Performance Management) tool for large-scale distributed systems. ",False,2014-10-20T09:27:22Z,2025-10-29T08:12:57Z,2025-10-29T08:12:49Z,https://pinpoint-apm.gitbook.io/,267302,13737,13737,Java,3776,500,master,"agent,apm,distributed-tracing,monitoring,performance,tracing",public,apache-2.0
11981144,languagetool,languagetool-org/languagetool,False,languagetool-org,Organization,https://github.com/languagetool-org/languagetool,Style and Grammar Checker for 25+ Languages,False,2013-08-08T16:37:22Z,2025-10-29T06:00:41Z,2025-10-29T06:00:36Z,https://languagetool.org,6011684,13717,13717,Java,1462,2044,master,"grammar,natural-language,natural-language-processing,proofreading,spellcheck,style-checker",public,lgpl-2.1
145098146,AndroidAutoSize,JessYanCoding/AndroidAutoSize,False,JessYanCoding,User,https://github.com/JessYanCoding/AndroidAutoSize,ğŸ”¥ A low-cost Android screen adaptation solution (ä»Šæ—¥å¤´æ¡å±å¹•é€‚é…æ–¹æ¡ˆç»ˆæç‰ˆï¼Œä¸€ä¸ªæä½æˆæœ¬çš„ Android å±å¹•é€‚é…æ–¹æ¡ˆ).,False,2018-08-17T09:04:19Z,2025-10-29T08:14:51Z,2023-05-28T15:08:32Z,,3131,13710,13710,Java,2000,123,master,"adapterview,android,arms,density,mvparms,screenadapter",public,apache-2.0
87536046,mit-deep-learning-book-pdf,janishar/mit-deep-learning-book-pdf,False,janishar,User,https://github.com/janishar/mit-deep-learning-book-pdf,"MIT Deep Learning Book in PDF format (complete and parts) by Ian Goodfellow, Yoshua Bengio and Aaron Courville",False,2017-04-07T10:46:50Z,2025-10-29T10:34:21Z,2023-10-09T08:55:12Z,,43571,13685,13685,Java,2852,12,master,"book,chapter,clear,deep-learning,deeplearning,excercises,good,learning,lecture-notes,linear-algebra,machine,machine-learning,mit,neural-network,neural-networks,pdf,print,printable,thinking",public,
64054478,Luban,Curzibn/Luban,False,Curzibn,User,https://github.com/Curzibn/Luban,Luban(é²ç­)â€”Image compression with efficiency very close to WeChat Moments/å¯èƒ½æ˜¯æœ€æ¥è¿‘å¾®ä¿¡æœ‹å‹åœˆçš„å›¾ç‰‡å‹ç¼©ç®—æ³•,False,2016-07-24T07:43:21Z,2025-10-28T07:34:30Z,2021-11-06T13:32:29Z,,5029,13678,13678,Java,2251,153,master,"android,image-compression,luban",public,apache-2.0
77993578,PictureSelector,LuckSiege/PictureSelector,False,LuckSiege,User,https://github.com/LuckSiege/PictureSelector,Picture Selector Library for Android or å›¾ç‰‡é€‰æ‹©å™¨,False,2017-01-04T07:47:39Z,2025-10-28T07:34:33Z,2024-05-11T03:14:44Z,,542078,13563,13563,Java,3082,571,version_component,"android,android-image-selector,camera,compress,glide,image-compression,image-picker,images,multi-selector,photo,photoview,picker,picture-selector,video",public,apache-2.0
20570214,tink,tink-crypto/tink,False,tink-crypto,Organization,https://github.com/tink-crypto/tink,"Tink is a multi-language, cross-platform, open source library that provides cryptographic APIs that are secure, easy to use correctly, and hard(er) to misuse.",False,2014-06-06T16:21:09Z,2025-10-29T05:11:57Z,2024-04-17T11:08:35Z,https://developers.google.com/tink,61010,13555,13555,Java,1180,0,master,"cpp,crypto,cryptography,go,java,javascript,objc,security",public,apache-2.0
113983289,kkFileView,kekingcn/kkFileView,False,kekingcn,Organization,https://github.com/kekingcn/kkFileView,Universal File Online Preview Project based on Spring-Boot,False,2017-12-12T11:41:08Z,2025-10-29T11:13:26Z,2025-10-20T06:29:15Z,https://kkview.cn,664614,13487,13487,Java,3125,355,master,"docx,fileview,fileviewer,java,kkfileview,office,office-view,pdf,word",public,
28550872,Android-PickerView,Bigkoo/Android-PickerView,False,Bigkoo,Organization,https://github.com/Bigkoo/Android-PickerView,"This is a picker view for android , support linkage effect, timepicker and optionspicker.ï¼ˆæ—¶é—´é€‰æ‹©å™¨ã€çœå¸‚åŒºä¸‰çº§è”åŠ¨ï¼‰",False,2014-12-28T01:46:38Z,2025-10-28T08:37:28Z,2022-12-30T03:36:03Z,,6389,13478,13478,Java,3459,437,master,"android-pickerview,datepicker,optionspicker,pickerview,timepicker,wheelview",public,apache-2.0
221862,lombok,projectlombok/lombok,False,projectlombok,Organization,https://github.com/projectlombok/lombok,Very spicy additions to the Java programming language.,False,2009-06-08T19:46:41Z,2025-10-29T13:54:52Z,2025-10-19T01:29:34Z,https://projectlombok.org/,81131,13311,13311,Java,2468,974,master,,public,other
181012406,mall-learning,macrozheng/mall-learning,False,macrozheng,User,https://github.com/macrozheng/mall-learning,mallå­¦ä¹ æ•™ç¨‹ï¼Œæ¶æ„ã€ä¸šåŠ¡ã€æŠ€æœ¯è¦ç‚¹å…¨æ–¹ä½è§£æã€‚mallé¡¹ç›®ï¼ˆ60k+starï¼‰æ˜¯ä¸€å¥—ç”µå•†ç³»ç»Ÿï¼Œä½¿ç”¨ç°é˜¶æ®µä¸»æµæŠ€æœ¯å®ç°ã€‚æ¶µç›–äº†SpringBootã€MyBatisã€Elasticsearchã€RabbitMQã€Redisã€MongoDBã€MySQLç­‰æŠ€æœ¯ï¼Œé‡‡ç”¨Dockerå®¹å™¨åŒ–éƒ¨ç½²ã€‚,False,2019-04-12T13:20:31Z,2025-10-29T09:50:50Z,2024-09-15T01:05:39Z,https://www.macrozheng.com,39420,13287,13287,Java,8331,5,master,"docker,elasticsearch,mongodb,mybatis,mysql,rabbitmq,redis,springboot,springcloud",public,
56829582,banner,youth5201314/banner,False,youth5201314,User,https://github.com/youth5201314/banner,ğŸ”¥ğŸ”¥ğŸ”¥Banner 2.0 æ¥äº†ï¼Androidå¹¿å‘Šå›¾ç‰‡è½®æ’­æ§ä»¶ï¼Œå†…éƒ¨åŸºäºViewPager2å®ç°ï¼ŒIndicatorå’ŒUIéƒ½å¯ä»¥è‡ªå®šä¹‰ã€‚,False,2016-04-22T05:50:25Z,2025-10-29T01:59:05Z,2024-01-11T08:41:56Z,,11310,13048,13048,Java,2537,46,master,"androidx,banner,indicator,viewpager,viewpager2",public,apache-2.0
32313383,dex2jar,pxb1988/dex2jar,False,pxb1988,User,https://github.com/pxb1988/dex2jar,Tools to work with android .dex and java .class files,False,2015-03-16T09:13:07Z,2025-10-29T05:39:34Z,2024-07-21T06:08:25Z,,8725,12946,12946,Java,2181,380,2.x,,public,apache-2.0
75882172,conductor,Netflix/conductor,False,Netflix,Organization,https://github.com/Netflix/conductor,Conductor is a microservices orchestration engine.,False,2016-12-07T22:48:42Z,2025-10-27T18:05:57Z,2023-12-22T23:40:04Z,,29469,12785,12785,Java,2344,164,main,"distributed-systems,grpc,java,javascript,microservice-orchestration,orchestration-engine,orchestrator,reactjs,spring-boot,workflow-automation,workflow-engine,workflow-management,workflows",public,apache-2.0
22254856,spring-boot-admin,codecentric/spring-boot-admin,False,codecentric,Organization,https://github.com/codecentric/spring-boot-admin,Admin UI for administration of spring boot applications,False,2014-07-25T11:39:13Z,2025-10-29T08:19:08Z,2025-10-29T12:13:01Z,,85602,12724,12724,Java,3108,48,master,"java,spring,spring-boot,spring-boot-admin,spring-cloud",public,apache-2.0
29703871,stetho,facebook/stetho,False,facebook,Organization,https://github.com/facebook/stetho,"Stetho is a debug bridge for Android applications, enabling the powerful Chrome Developer Tools and much more.",False,2015-01-22T22:34:10Z,2025-10-25T08:18:45Z,2024-10-26T03:44:45Z,http://facebook.github.io/stetho/,2392,12713,12713,Java,1123,83,main,,public,mit
120463532,COLA,alibaba/COLA,False,alibaba,Organization,https://github.com/alibaba/COLA,ğŸ¥¤ COLA: Clean Object-oriented & Layered Architecture,False,2018-02-06T13:46:27Z,2025-10-29T11:21:22Z,2025-06-09T03:26:02Z,,3828,12701,12701,Java,3211,95,master,"architecture,clean,cola",public,lgpl-2.1
20275545,guice,google/guice,False,google,Organization,https://github.com/google/guice,"Guice (pronounced 'juice') is a lightweight dependency injection framework for Java 11 and above, brought to you by Google.",False,2014-05-28T23:18:53Z,2025-10-28T12:47:27Z,2025-09-30T17:00:04Z,https://github.com/google/guice,125307,12693,12693,Java,1687,355,master,,public,apache-2.0
223881576,mall-swarm,macrozheng/mall-swarm,False,macrozheng,User,https://github.com/macrozheng/mall-swarm,mall-swarmæ˜¯ä¸€å¥—å¾®æœåŠ¡å•†åŸç³»ç»Ÿï¼Œé‡‡ç”¨äº† Spring Cloud Alibabaã€Spring Boot 3.2ã€Sa-Tokenã€MyBatisã€Elasticsearchã€Dockerã€Kubernetesç­‰æ ¸å¿ƒæŠ€æœ¯ï¼ŒåŒæ—¶æä¾›äº†åŸºäºVueçš„ç®¡ç†åå°æ–¹ä¾¿å¿«é€Ÿæ­å»ºç³»ç»Ÿã€‚mall-swarmåœ¨ç”µå•†ä¸šåŠ¡çš„åŸºç¡€é›†æˆäº†æ³¨å†Œä¸­å¿ƒã€é…ç½®ä¸­å¿ƒã€ç›‘æ§ä¸­å¿ƒã€ç½‘å…³ç­‰ç³»ç»ŸåŠŸèƒ½ã€‚,False,2019-11-25T06:55:31Z,2025-10-29T14:34:30Z,2025-10-16T06:34:06Z,https://cloud.macrozheng.com,54601,12671,12671,Java,5475,8,master,"docker,elasticsearch,java,k8s,kubernetes,mongodb,mybatis,mysql,rabbitmq,redis,spring-boot,spring-cloud,springboot,springcloud",public,apache-2.0
160999,zookeeper,apache/zookeeper,False,apache,Organization,https://github.com/apache/zookeeper,Apache ZooKeeper,False,2009-03-27T15:41:56Z,2025-10-29T13:59:41Z,2025-10-07T12:38:42Z,https://zookeeper.apache.org,152521,12645,12645,Java,7321,227,master,"apache,configuration-management,consensus,coordination,database,distributed-configuration,distributed-database,distributed-systems,hacktoberfest,java,key-value,service-discovery,zab,zookeeper",public,apache-2.0
5198041,eureka,Netflix/eureka,False,Netflix,Organization,https://github.com/Netflix/eureka,AWS Service registry for resilient mid-tier load balancing and failover.,False,2012-07-26T22:23:07Z,2025-10-27T04:09:42Z,2025-07-22T00:10:14Z,,12489,12644,12644,Java,3778,135,master,,public,apache-2.0
2626751,greenDAO,greenrobot/greenDAO,False,greenrobot,User,https://github.com/greenrobot/greenDAO,greenDAO is a light & fast ORM solution for Android that maps objects to SQLite databases.,False,2011-10-22T16:15:14Z,2025-10-24T10:02:27Z,2024-04-30T05:30:59Z,http://greenrobot.org/greendao/,7353,12624,12624,Java,2887,236,master,,public,
237867883,metersphere,metersphere/metersphere,False,metersphere,Organization,https://github.com/metersphere/metersphere,MeterSphere æ˜¯æ–°ä¸€ä»£çš„å¼€æºæŒç»­æµ‹è¯•å·¥å…·ï¼Œè®©è½¯ä»¶æµ‹è¯•å·¥ä½œæ›´ç®€å•ã€æ›´é«˜æ•ˆï¼Œä¸å†æˆä¸ºæŒç»­äº¤ä»˜çš„ç“¶é¢ˆã€‚,False,2020-02-03T02:06:12Z,2025-10-29T11:11:38Z,2025-10-24T09:08:56Z,https://metersphere.io/v3/index.html,421511,12587,12587,Java,2734,101,v3.x,"api-testing,continuous-testing,jmeter,metersphere,postman,swagger,test-automation,testcase,testing,testlink,testlink-alternative",public,gpl-3.0
88111990,Matisse,zhihu/Matisse,False,zhihu,Organization,https://github.com/zhihu/Matisse,:fireworks: A well-designed local image and video selector for Android,False,2017-04-13T01:31:05Z,2025-10-29T08:57:01Z,2023-05-15T09:55:57Z,,1991,12565,12565,Java,2067,465,master,"android,android-image-picker,android-image-selector,android-library,video-selector",public,apache-2.0
21113349,AndroidViewAnimations,daimajia/AndroidViewAnimations,False,daimajia,User,https://github.com/daimajia/AndroidViewAnimations,Cute view animation collection.,False,2014-06-23T03:53:13Z,2025-10-28T01:53:03Z,2021-08-18T23:15:07Z,,297,12474,12474,Java,2425,66,master,"android,animation,easing-functions",public,mit
23301468,AndroidSwipeLayout,daimajia/AndroidSwipeLayout,False,daimajia,User,https://github.com/daimajia/AndroidSwipeLayout,The Most Powerful Swipe Layout!,False,2014-08-25T04:09:33Z,2025-10-20T03:10:51Z,2023-11-10T08:30:13Z,,399,12404,12404,Java,2658,383,master,,public,mit
20651672,Mybatis-PageHelper,pagehelper/Mybatis-PageHelper,False,pagehelper,User,https://github.com/pagehelper/Mybatis-PageHelper,Mybatisé€šç”¨åˆ†é¡µæ’ä»¶,False,2014-06-09T15:32:30Z,2025-10-27T07:24:18Z,2025-06-19T23:54:53Z,https://mybatis.io,5333,12355,12355,Java,3131,66,master,"mybatis,mybatis-plugin",public,mit
1051476,plantuml,plantuml/plantuml,False,plantuml,Organization,https://github.com/plantuml/plantuml,Generate diagrams from textual description,False,2010-11-04T15:55:50Z,2025-10-29T12:25:25Z,2025-10-27T02:04:03Z,https://plantuml.com,464449,12208,12208,Java,1105,574,master,"diagram,diagram-as-code,diagrams,diagrams-as-code,java,plantuml,uml,uml-diagram",public,other
715605,jedis,redis/jedis,False,redis,Organization,https://github.com/redis/jedis,Redis Java client,False,2010-06-11T13:04:43Z,2025-10-28T23:57:16Z,2025-10-29T05:45:57Z,https://redis.github.io/jedis/,15605,12174,12174,Java,3901,132,master,"java,jedis,redis,redis-client,redis-cluster",public,mit
96704265,android-interview-questions,amitshekhariitbhu/android-interview-questions,False,amitshekhariitbhu,User,https://github.com/amitshekhariitbhu/android-interview-questions,Your Cheat Sheet For Android Interview - Android Interview Questions and Answers,False,2017-07-09T18:47:24Z,2025-10-29T08:57:58Z,2025-10-26T04:43:22Z,https://outcomeschool.com,1357,12145,12145,Java,2358,12,master,"android,android-interview,android-interview-practice,android-interview-question,android-interview-questions,android-interviews,answers,cheat-sheets,cheatsheet,interview-practice,interview-prep,interview-questions,kotlin,kotlin-android,kotlin-coroutines,questions,questions-and-answers",public,apache-2.0
166515022,trino,trinodb/trino,False,trinodb,Organization,https://github.com/trinodb/trino,"Official repository of Trino, the distributed SQL query engine for big data, formerly known as PrestoSQL (https://trino.io)",False,2019-01-19T06:38:14Z,2025-10-29T12:06:20Z,2025-10-29T12:06:16Z,https://trino.io,282123,12084,12084,Java,3369,2495,master,"analytics,big-data,data-science,database,databases,datalake,delta-lake,distributed-database,distributed-systems,hadoop,hive,iceberg,java,jdbc,presto,prestodb,query-engine,sql,trino",public,apache-2.0
49068243,uCrop,Yalantis/uCrop,False,Yalantis,Organization,https://github.com/Yalantis/uCrop,Image Cropping Library for Android,False,2016-01-05T13:41:06Z,2025-10-28T07:34:28Z,2025-08-07T16:51:43Z,https://yalantis.com/blog/introducing-ucrop-our-own-image-cropping-library-for-android/,64991,12050,12050,Java,2228,311,develop,"android,animation,crop,image,java,photo,rotation,scale",public,
50205233,debezium,debezium/debezium,False,debezium,Organization,https://github.com/debezium/debezium,Change data capture for a variety of databases. Please log issues at https://issues.redhat.com/browse/DBZ.,False,2016-01-22T20:17:05Z,2025-10-29T12:43:24Z,2025-10-29T12:43:16Z,https://debezium.io,70851,12014,12014,Java,2765,98,main,"apache-kafka,cdc,change-data-capture,data-pipeline,database,debezium,event-streaming,hacktoberfest,kafka,kafka-connect,kafka-producer",public,apache-2.0
337054443,xManager,Team-xManager/xManager,False,Team-xManager,Organization,https://github.com/Team-xManager/xManager,"Ad-Free, New Features & Freedom",False,2021-02-08T11:31:10Z,2025-10-29T15:11:01Z,2025-08-15T13:13:07Z,https://xmanagerapp.com,4973,11945,11945,Java,313,30,main,"android,java",public,gpl-3.0
161292091,matrix,Tencent/matrix,False,Tencent,Organization,https://github.com/Tencent/matrix,"Matrix is a plugin style, non-invasive APM system developed by WeChat.",False,2018-12-11T07:08:02Z,2025-10-28T17:09:57Z,2024-07-23T10:46:08Z,,199709,11925,11925,Java,1924,402,master,"android,apm-client,wechat",public,other
27729926,grpc-java,grpc/grpc-java,False,grpc,Organization,https://github.com/grpc/grpc-java,The Java gRPC implementation. HTTP/2 based RPC,False,2014-12-08T19:00:00Z,2025-10-29T08:58:13Z,2025-10-29T08:58:05Z,https://grpc.io/docs/languages/java/,112696,11885,11885,Java,3939,513,master,"grpc,java,microservices,proto,rpc",public,apache-2.0
98978879,VasSonic,Tencent/VasSonic,False,Tencent,Organization,https://github.com/Tencent/VasSonic,"VasSonic is a lightweight and high-performance Hybrid framework developed by tencent VAS team, which is intended to speed up the first screen of websites working on Android and iOS platform. ",False,2017-08-01T08:35:13Z,2025-10-25T08:19:03Z,2023-04-07T11:37:52Z,,16215,11876,11876,Java,1624,44,master,"android-sdk,h5,hybrid,ios-sdk,web,webview",public,other
593867048,xpipe,xpipe-io/xpipe,False,xpipe-io,Organization,https://github.com/xpipe-io/xpipe,Access your entire server infrastructure from your local desktop,False,2023-01-27T02:25:38Z,2025-10-29T14:32:42Z,2025-10-28T19:52:43Z,https://xpipe.io,55439,11802,11802,Java,450,56,master,"bash,docker,filemanager,files,incus,java,javafx,k8s,kubernetes,lxd,networking,podman,sftp,ssh,tailscale,wsl",public,apache-2.0
334274271,OpenSearch,opensearch-project/OpenSearch,False,opensearch-project,Organization,https://github.com/opensearch-project/OpenSearch,ğŸ” Open source distributed and RESTful search engine.,False,2021-01-29T22:10:00Z,2025-10-29T14:56:03Z,2025-10-29T12:18:38Z,https://opensearch.org/docs/latest/opensearch/index/,595147,11799,11799,Java,2281,2415,main,"analytics,apache2,foss,java,search,search-engine",public,apache-2.0
129332826,fullstack-tutorial,frank-lam/fullstack-tutorial,False,frank-lam,User,https://github.com/frank-lam/fullstack-tutorial,ğŸš€ fullstack tutorial 2022ï¼Œåå°æŠ€æœ¯æ ˆ/æ¶æ„å¸ˆä¹‹è·¯/å…¨æ ˆå¼€å‘ç¤¾åŒºï¼Œæ˜¥æ‹›/ç§‹æ‹›/æ ¡æ‹›/é¢è¯•,False,2018-04-13T01:50:10Z,2025-10-29T02:34:12Z,2022-12-02T03:33:19Z,https://frank-lam.github.io/fullstack-tutorial,65725,11686,11686,Java,2430,21,master,"computer-science,fullstack-developer,interview,java,java-interview,skill-tree",public,
