App,TestClass,TestFilePath,ProductionFilePath,RelativeTestFilePath,RelativeProductionFilePath,NumberOfMethods,Assertion Roulette,Conditional Test Logic,Constructor Initialization,Default Test,EmptyTest,Exception Catching Throwing,General Fixture,Mystery Guest,Print Statement,Redundant Assertion,Sensitive Equality,Verbose Test,Sleepy Test,Eager Test,Lazy Test,Duplicate Assert,Unknown Test,IgnoredTest,Resource Optimism,Magic Number Test,Dependent Test
keycloak_5.0.0,KeycloakDeploymentBuilderTest.java,/repo/adapters/oidc/adapter-core/src/test/java/org/keycloak/adapters/KeycloakDeploymentBuilderTest.java,,,,4,2,0,0,0,0,4,0,0,0,0,1,0,0,,,0,0,0,0,4,0
keycloak_5.0.0,KeycloakDeploymentTest.java,/repo/adapters/oidc/adapter-core/src/test/java/org/keycloak/adapters/KeycloakDeploymentTest.java,,,,4,1,0,0,0,0,0,0,0,0,0,0,0,0,,,0,0,0,0,4,0
keycloak_5.0.0,RefreshableKeycloakSecurityContextTest.java,/repo/adapters/oidc/adapter-core/src/test/java/org/keycloak/adapters/RefreshableKeycloakSecurityContextTest.java,,,,1,0,0,0,0,0,0,0,0,0,0,0,0,0,,,0,0,0,0,1,0
keycloak_5.0.0,JBossWebPrincipalFactoryTest.java,/repo/adapters/oidc/as7-eap6/as7-adapter-spi/src/test/java/org/keycloak/adapters/jbossweb/JBossWebPrincipalFactoryTest.java,,,,1,1,0,0,0,0,0,0,0,0,0,0,0,0,,,0,0,0,0,1,0
keycloak_5.0.0,RealmDefinitionTestCase.java,/repo/adapters/oidc/as7-eap6/as7-subsystem/src/test/java/org/keycloak/subsystem/as7/RealmDefinitionTestCase.java,,,,2,1,0,0,0,0,1,0,0,0,0,0,0,0,,,1,0,0,0,1,0
keycloak_5.0.0,HierarchicalPathBasedKeycloakConfigResolverTest.java,/repo/adapters/oidc/osgi-adapter/src/test/java/org/keycloak/adapters/osgi/HierarchicalPathBasedKeycloakConfigResolverTest.java,,,,3,1,0,0,0,0,1,0,0,0,0,0,0,0,,,0,0,0,0,1,0
keycloak_5.0.0,PathBasedKeycloakConfigResolverTest.java,/repo/adapters/oidc/osgi-adapter/src/test/java/org/keycloak/adapters/osgi/PathBasedKeycloakConfigResolverTest.java,,,,2,1,0,0,0,0,1,0,0,0,0,0,0,0,,,0,0,0,0,1,0
keycloak_5.0.0,ServletOAuthClientBuilderTest.java,/repo/adapters/oidc/servlet-oauth-client/src/test/java/org/keycloak/servlet/ServletOAuthClientBuilderTest.java,,,,1,1,0,0,0,0,0,0,0,0,0,1,0,0,,,0,0,0,0,1,0
keycloak_5.0.0,KeycloakRestTemplateCustomizerTest.java,/repo/adapters/oidc/spring-boot/src/test/java/org/keycloak/adapters/springboot/client/KeycloakRestTemplateCustomizerTest.java,,,,2,0,0,0,0,0,0,0,0,0,0,0,0,0,,,0,0,0,0,1,0
keycloak_5.0.0,KeycloakSecurityContextClientRequestInterceptorTest.java,/repo/adapters/oidc/spring-boot/src/test/java/org/keycloak/adapters/springboot/client/KeycloakSecurityContextClientRequestInterceptorTest.java,,,,4,1,0,0,0,0,3,1,0,0,0,0,0,0,,,0,0,0,0,3,0
keycloak_5.0.0,KeycloakRestTemplateCustomizerTest.java,/repo/adapters/oidc/spring-boot2/src/test/java/org/keycloak/adapters/springboot/client/KeycloakRestTemplateCustomizerTest.java,,,,2,0,0,0,0,0,0,0,0,0,0,0,0,0,,,0,0,0,0,1,0
keycloak_5.0.0,KeycloakSecurityContextClientRequestInterceptorTest.java,/repo/adapters/oidc/spring-boot2/src/test/java/org/keycloak/adapters/springboot/client/KeycloakSecurityContextClientRequestInterceptorTest.java,,,,4,1,0,0,0,0,3,1,0,0,0,0,0,0,,,0,0,0,0,3,0
keycloak_5.0.0,AdapterDeploymentContextFactoryBeanTest.java,/repo/adapters/oidc/spring-security/src/test/java/org/keycloak/adapters/springsecurity/AdapterDeploymentContextFactoryBeanTest.java,,,,6,0,0,0,0,0,3,0,0,0,0,0,0,0,,,0,1,0,0,3,0
keycloak_5.0.0,HttpHeaderInspectingApiRequestMatcherTest.java,/repo/adapters/oidc/spring-security/src/test/java/org/keycloak/adapters/springsecurity/authentication/HttpHeaderInspectingApiRequestMatcherTest.java,,,,3,0,0,0,0,0,2,0,0,0,0,0,0,0,,,0,0,0,0,2,0
keycloak_5.0.0,KeycloakAuthenticationEntryPointTest.java,/repo/adapters/oidc/spring-security/src/test/java/org/keycloak/adapters/springsecurity/authentication/KeycloakAuthenticationEntryPointTest.java,,,,7,4,0,0,0,0,5,1,0,0,0,0,0,0,,,0,1,0,0,5,0
keycloak_5.0.0,KeycloakAuthenticationProviderTest.java,/repo/adapters/oidc/spring-security/src/test/java/org/keycloak/adapters/springsecurity/authentication/KeycloakAuthenticationProviderTest.java,,,,6,1,0,0,0,0,4,4,0,0,0,0,0,0,,,0,0,0,0,4,0
keycloak_5.0.0,KeycloakLogoutHandlerTest.java,/repo/adapters/oidc/spring-security/src/test/java/org/keycloak/adapters/springsecurity/authentication/KeycloakLogoutHandlerTest.java,,,,7,0,0,0,0,0,6,4,0,0,0,0,0,0,,,0,6,0,0,6,0
keycloak_5.0.0,SpringSecurityRequestAuthenticatorTest.java,/repo/adapters/oidc/spring-security/src/test/java/org/keycloak/adapters/springsecurity/authentication/SpringSecurityRequestAuthenticatorTest.java,,,,6,1,0,0,0,0,5,5,0,0,0,0,0,0,,,0,1,0,0,5,0
keycloak_5.0.0,KeycloakClientRequestFactoryTest.java,/repo/adapters/oidc/spring-security/src/test/java/org/keycloak/adapters/springsecurity/client/KeycloakClientRequestFactoryTest.java,,,,5,1,0,0,0,0,4,3,0,0,0,0,0,0,,,0,1,0,0,4,0
keycloak_5.0.0,SimpleHttpFacadeTest.java,/repo/adapters/oidc/spring-security/src/test/java/org/keycloak/adapters/springsecurity/facade/SimpleHttpFacadeTest.java,,,,2,0,0,0,0,0,0,0,0,0,0,0,0,0,,,0,0,0,0,1,0
keycloak_5.0.0,WrappedHttpServletRequestTest.java,/repo/adapters/oidc/spring-security/src/test/java/org/keycloak/adapters/springsecurity/facade/WrappedHttpServletRequestTest.java,,,,11,4,0,0,0,0,10,9,0,0,0,0,0,0,,,0,1,0,0,10,0
keycloak_5.0.0,WrappedHttpServletResponseTest.java,/repo/adapters/oidc/spring-security/src/test/java/org/keycloak/adapters/springsecurity/facade/WrappedHttpServletResponseTest.java,,,,9,3,0,0,0,0,7,0,0,0,0,0,0,0,,,0,0,1,0,7,0
keycloak_5.0.0,KeycloakAuthenticationProcessingFilterTest.java,/repo/adapters/oidc/spring-security/src/test/java/org/keycloak/adapters/springsecurity/filter/KeycloakAuthenticationProcessingFilterTest.java,,,,16,0,0,0,0,0,12,11,0,0,0,0,0,0,,,0,1,0,0,12,0
keycloak_5.0.0,KeycloakCsrfRequestMatcherTest.java,/repo/adapters/oidc/spring-security/src/test/java/org/keycloak/adapters/springsecurity/filter/KeycloakCsrfRequestMatcherTest.java,,,,9,6,0,0,0,0,7,0,0,0,0,0,0,0,,,6,0,0,0,7,0
keycloak_5.0.0,KeycloakPreAuthActionsFilterTest.java,/repo/adapters/oidc/spring-security/src/test/java/org/keycloak/adapters/springsecurity/filter/KeycloakPreAuthActionsFilterTest.java,,,,4,0,0,0,0,0,2,0,0,0,0,0,0,0,,,0,2,0,0,2,0
keycloak_5.0.0,QueryParamPresenceRequestMatcherTest.java,/repo/adapters/oidc/spring-security/src/test/java/org/keycloak/adapters/springsecurity/filter/QueryParamPresenceRequestMatcherTest.java,,,,5,0,0,0,0,0,3,0,0,0,0,0,0,0,,,0,0,0,0,3,0
keycloak_5.0.0,SpringSecurityAdapterTokenStoreFactoryTest.java,/repo/adapters/oidc/spring-security/src/test/java/org/keycloak/adapters/springsecurity/token/SpringSecurityAdapterTokenStoreFactoryTest.java,,,,4,1,0,0,0,0,3,0,0,0,0,0,0,0,,,0,0,0,0,3,0
keycloak_5.0.0,SpringSecurityTokenStoreTest.java,/repo/adapters/oidc/spring-security/src/test/java/org/keycloak/adapters/springsecurity/token/SpringSecurityTokenStoreTest.java,,,,6,2,0,0,0,0,4,3,0,0,0,0,0,0,,,0,0,0,0,4,0
keycloak_5.0.0,RealmDefinitionTestCase.java,/repo/adapters/oidc/wildfly/wf8-subsystem/src/test/java/org/keycloak/subsystem/wf8/extension/RealmDefinitionTestCase.java,,,,2,1,0,0,0,0,1,0,0,0,0,0,0,0,,,1,0,0,0,1,0
keycloak_5.0.0,SubsystemParsingTestCase.java,/repo/adapters/oidc/wildfly/wf8-subsystem/src/test/java/org/keycloak/subsystem/wf8/extension/SubsystemParsingTestCase.java,,,,4,0,0,1,0,0,1,0,0,1,0,0,0,0,,,0,2,0,0,2,0
keycloak_5.0.0,SubsystemParsingTestCase.java,/repo/adapters/oidc/wildfly/wildfly-subsystem/src/test/java/org/keycloak/subsystem/adapter/extension/SubsystemParsingTestCase.java,,,,6,0,0,1,0,0,1,0,0,1,0,0,0,0,,,0,2,0,0,2,0
keycloak_5.0.0,HttpAdapterUtilsTest.java,/repo/adapters/saml/core/src/test/java/org/keycloak/adapters/cloned/HttpAdapterUtilsTest.java,,,,2,1,0,0,0,0,1,0,0,0,0,0,0,0,,,1,0,0,0,1,0
keycloak_5.0.0,KeycloakSamlAdapterXMLParserTest.java,/repo/adapters/saml/core/src/test/java/org/keycloak/adapters/saml/config/parsers/KeycloakSamlAdapterXMLParserTest.java,,,,12,6,1,0,0,0,10,0,0,0,0,0,0,0,,,0,4,1,0,10,0
keycloak_5.0.0,SubsystemParsingTestCase.java,/repo/adapters/saml/wildfly/wildfly-subsystem/src/test/java/org/keycloak/subsystem/adapter/saml/extension/SubsystemParsingTestCase.java,,,,3,0,0,1,0,0,0,0,0,0,0,0,0,0,,,0,0,0,0,0,0
keycloak_5.0.0,ProfileTest.java,/repo/common/src/test/java/org/keycloak/common/ProfileTest.java,,,,4,3,0,0,0,0,1,0,1,0,0,0,0,0,,,0,0,0,1,3,0
keycloak_5.0.0,CollectionUtilTest.java,/repo/common/src/test/java/org/keycloak/common/util/CollectionUtilTest.java,,,,4,0,0,0,0,0,0,0,0,0,0,0,0,0,,,0,0,0,0,4,0
keycloak_5.0.0,HtmlUtilsTest.java,/repo/common/src/test/java/org/keycloak/common/util/HtmlUtilsTest.java,,,,1,1,0,0,0,0,0,0,0,0,0,0,0,0,,,0,0,0,0,1,0
keycloak_5.0.0,KeyUtilsTest.java,/repo/common/src/test/java/org/keycloak/common/util/KeyUtilsTest.java,,,,1,1,0,0,0,0,1,0,0,0,0,0,0,0,,,0,0,0,0,1,0
keycloak_5.0.0,AtHashTest.java,/repo/core/src/test/java/org/keycloak/AtHashTest.java,,,,3,0,0,0,0,0,2,0,0,0,0,0,0,0,,,0,2,0,0,2,0
keycloak_5.0.0,HmacTest.java,/repo/core/src/test/java/org/keycloak/jose/HmacTest.java,,,,1,0,0,0,0,0,1,0,0,1,0,0,0,0,,,0,0,0,0,1,0
keycloak_5.0.0,JsonWebTokenTest.java,/repo/core/src/test/java/org/keycloak/jose/JsonWebTokenTest.java,,,,9,1,0,0,0,0,5,0,0,0,0,0,0,0,,,1,0,0,0,9,0
keycloak_5.0.0,JWETest.java,/repo/core/src/test/java/org/keycloak/jose/JWETest.java,,,,11,0,2,0,0,0,7,0,0,3,0,0,0,0,,,0,5,2,0,8,0
keycloak_5.0.0,JWKTest.java,/repo/core/src/test/java/org/keycloak/jose/jwk/JWKTest.java,,,,5,3,0,0,0,0,2,0,0,0,0,0,0,0,,,0,0,0,0,3,0
keycloak_5.0.0,JsonParserTest.java,/repo/core/src/test/java/org/keycloak/JsonParserTest.java,,,,10,5,2,0,0,0,8,0,0,4,0,0,0,0,,,1,3,0,0,9,0
keycloak_5.0.0,KeyPairVerifierTest.java,/repo/core/src/test/java/org/keycloak/KeyPairVerifierTest.java,,,,1,0,0,0,0,0,1,0,0,0,0,0,0,0,,,1,0,0,0,1,0
keycloak_5.0.0,RSAVerifierTest.java,/repo/core/src/test/java/org/keycloak/RSAVerifierTest.java,,,,15,2,1,0,0,0,10,1,0,6,0,0,0,0,,,1,4,0,0,10,0
keycloak_5.0.0,SkeletonKeyTokenTest.java,/repo/core/src/test/java/org/keycloak/SkeletonKeyTokenTest.java,,,,6,4,0,0,0,0,5,0,0,1,0,0,0,0,,,1,1,0,0,5,0
keycloak_5.0.0,UriUtilsTest.java,/repo/core/src/test/java/org/keycloak/util/UriUtilsTest.java,,,,4,1,0,0,0,0,0,0,0,0,0,0,0,0,,,0,0,0,0,2,0
keycloak_5.0.0,EscapeTest.java,/repo/federation/ldap/src/test/java/org/keycloak/storage/ldap/idm/model/EscapeTest.java,,,,2,2,0,0,0,0,2,0,0,0,0,0,0,0,,,0,0,0,0,2,0
keycloak_5.0.0,GroupTreeResolverTest.java,/repo/federation/ldap/src/test/java/org/keycloak/storage/ldap/idm/model/GroupTreeResolverTest.java,,,,5,5,0,0,0,0,5,0,0,0,0,3,0,0,,,0,0,0,0,5,0
keycloak_5.0.0,LDAPDnTest.java,/repo/federation/ldap/src/test/java/org/keycloak/storage/ldap/idm/model/LDAPDnTest.java,,,,3,3,0,0,0,0,3,0,0,0,0,3,0,0,,,0,0,0,0,3,0
keycloak_5.0.0,LDAPMappersComparatorTest.java,/repo/federation/ldap/src/test/java/org/keycloak/storage/ldap/idm/model/LDAPMappersComparatorTest.java,,,,4,0,0,0,0,0,0,0,0,0,0,0,0,0,,,0,0,0,0,2,0
keycloak_5.0.0,MergeAttributesTest.java,/repo/integration/client-cli/admin-cli/src/test/java/org/keycloak/client/admin/cli/util/MergeAttributesTest.java,,,,1,0,0,0,0,0,1,0,0,1,0,0,0,0,,,0,1,0,0,1,0
keycloak_5.0.0,ReturnFieldsTest.java,/repo/integration/client-cli/admin-cli/src/test/java/org/keycloak/client/admin/cli/util/ReturnFieldsTest.java,,,,5,4,2,0,0,0,2,0,0,0,0,2,0,0,,,0,0,0,0,4,0
keycloak_5.0.0,ReflectionUtilTest.java,/repo/integration/client-cli/client-registration-cli/src/test/java/org/keycloak/client/registration/cli/util/ReflectionUtilTest.java,,,,4,0,0,0,0,0,1,0,0,0,0,0,0,0,,,1,0,1,0,2,0
keycloak_5.0.0,ClientBuilder.java,/repo/misc/keycloak-test-helper/src/main/java/org/keycloak/test/builders/ClientBuilder.java,,,,8,0,0,1,0,0,0,0,0,0,0,0,0,0,,,0,0,0,0,0,0
keycloak_5.0.0,FluentTestsHelper.java,/repo/misc/keycloak-test-helper/src/main/java/org/keycloak/test/FluentTestsHelper.java,,,,19,0,1,3,0,0,1,0,1,0,0,0,0,0,,,0,1,0,0,1,0
keycloak_5.0.0,IndexPage.java,/repo/misc/keycloak-test-helper/src/main/java/org/keycloak/test/page/IndexPage.java,,,,5,0,0,0,0,0,0,0,0,0,0,0,0,0,,,0,0,0,0,0,0
keycloak_5.0.0,LoginPage.java,/repo/misc/keycloak-test-helper/src/main/java/org/keycloak/test/page/LoginPage.java,,,,1,0,0,0,0,0,0,0,0,0,0,0,0,0,,,0,0,0,0,0,0
keycloak_5.0.0,ProfilePage.java,/repo/misc/keycloak-test-helper/src/main/java/org/keycloak/test/page/ProfilePage.java,,,,6,0,0,0,0,0,0,0,0,0,0,0,0,0,,,0,0,0,0,0,0
keycloak_5.0.0,TestsHelper.java,/repo/misc/keycloak-test-helper/src/main/java/org/keycloak/test/TestsHelper.java,,,,12,0,1,0,0,0,1,0,1,0,0,0,0,0,,,0,1,0,0,1,0
keycloak_5.0.0,ClientListenerExecutorDecorator.java,/repo/model/infinispan/src/main/java/org/keycloak/models/sessions/infinispan/remotestore/ClientListenerExecutorDecorator.java,,,,8,0,0,1,0,0,0,0,0,0,0,0,0,0,,,0,0,0,0,0,0
keycloak_5.0.0,RemoteCacheInvoker.java,/repo/model/infinispan/src/main/java/org/keycloak/models/sessions/infinispan/remotestore/RemoteCacheInvoker.java,,,,6,0,0,0,0,0,0,0,0,0,0,0,0,0,,,0,0,0,0,0,0
keycloak_5.0.0,RemoteCacheSessionListener.java,/repo/model/infinispan/src/main/java/org/keycloak/models/sessions/infinispan/remotestore/RemoteCacheSessionListener.java,,,,8,0,0,1,0,0,0,0,0,0,0,0,0,0,,,0,0,0,0,0,0
keycloak_5.0.0,RemoteCacheSessionsLoader.java,/repo/model/infinispan/src/main/java/org/keycloak/models/sessions/infinispan/remotestore/RemoteCacheSessionsLoader.java,,,,12,0,0,1,0,0,0,0,0,0,0,0,0,0,,,0,0,0,0,0,0
keycloak_5.0.0,RemoteCacheSessionsLoaderContext.java,/repo/model/infinispan/src/main/java/org/keycloak/models/sessions/infinispan/remotestore/RemoteCacheSessionsLoaderContext.java,,,,5,0,0,1,0,0,0,0,0,0,0,0,0,0,,,0,0,0,0,0,0
keycloak_5.0.0,ConcurrencyDistributedRemoveSessionTest.java,/repo/model/infinispan/src/test/java/org/keycloak/cluster/infinispan/ConcurrencyDistributedRemoveSessionTest.java,,,,3,0,0,0,0,0,0,0,0,0,0,0,0,0,,,0,0,0,0,0,0
keycloak_5.0.0,ConcurrencyJDGCachePutTest.java,/repo/model/infinispan/src/test/java/org/keycloak/cluster/infinispan/ConcurrencyJDGCachePutTest.java,,,,3,0,0,0,0,0,0,0,0,0,0,0,0,0,,,0,0,0,0,0,0
keycloak_5.0.0,ConcurrencyJDGCacheReplaceTest.java,/repo/model/infinispan/src/test/java/org/keycloak/cluster/infinispan/ConcurrencyJDGCacheReplaceTest.java,,,,3,0,0,0,0,0,0,0,0,0,0,0,0,0,,,0,0,0,0,0,0
keycloak_5.0.0,ConcurrencyJDGOfflineBackupsTest.java,/repo/model/infinispan/src/test/java/org/keycloak/cluster/infinispan/ConcurrencyJDGOfflineBackupsTest.java,,,,2,0,0,0,0,0,0,0,0,0,0,0,0,0,,,0,0,0,0,0,0
keycloak_5.0.0,ConcurrencyJDGRemoteCacheClientListenersTest.java,/repo/model/infinispan/src/test/java/org/keycloak/cluster/infinispan/ConcurrencyJDGRemoteCacheClientListenersTest.java,,,,3,0,0,0,0,0,0,0,0,0,0,0,0,0,,,0,0,0,0,0,0
keycloak_5.0.0,ConcurrencyJDGRemoveSessionTest.java,/repo/model/infinispan/src/test/java/org/keycloak/cluster/infinispan/ConcurrencyJDGRemoveSessionTest.java,,,,4,0,0,0,0,0,0,0,0,0,0,0,0,0,,,0,0,0,0,0,0
keycloak_5.0.0,ConcurrencyTestHistogram.java,/repo/model/infinispan/src/test/java/org/keycloak/cluster/infinispan/ConcurrencyTestHistogram.java,,,,2,0,0,1,0,0,0,0,0,0,0,0,0,0,,,0,0,0,0,0,0
keycloak_5.0.0,RemoteCacheSessionsLoaderTest.java,/repo/model/infinispan/src/test/java/org/keycloak/cluster/infinispan/RemoteCacheSessionsLoaderTest.java,,,,2,0,0,0,0,0,0,0,0,0,0,0,0,0,,,0,0,0,0,0,0
keycloak_5.0.0,TestCacheManagerFactory.java,/repo/model/infinispan/src/test/java/org/keycloak/cluster/infinispan/TestCacheManagerFactory.java,,,,2,0,0,0,0,0,0,0,0,0,0,0,0,0,,,0,0,0,0,0,0
keycloak_5.0.0,InfinispanKeyStorageProviderTest.java,/repo/model/infinispan/src/test/java/org/keycloak/keys/infinispan/InfinispanKeyStorageProviderTest.java,,,,5,1,1,0,0,0,1,0,0,0,0,0,0,0,,,1,0,0,0,1,0
keycloak_5.0.0,ClusteredCacheBehaviorTest.java,/repo/model/infinispan/src/test/java/org/keycloak/models/sessions/infinispan/initializer/ClusteredCacheBehaviorTest.java,,,,2,0,0,0,0,0,1,0,0,1,0,0,0,0,,,0,1,1,0,1,0
keycloak_5.0.0,ConcurrencyLockingTest.java,/repo/model/infinispan/src/test/java/org/keycloak/models/sessions/infinispan/initializer/ConcurrencyLockingTest.java,,,,2,0,0,0,0,0,1,0,0,1,0,0,0,1,,,0,1,1,0,1,0
keycloak_5.0.0,ConcurrencyVersioningTest.java,/repo/model/infinispan/src/test/java/org/keycloak/models/sessions/infinispan/initializer/ConcurrencyVersioningTest.java,,,,7,4,0,0,0,0,4,0,0,0,0,0,0,0,,,0,0,1,0,4,0
keycloak_5.0.0,DistributedCacheConcurrentWritesTest.java,/repo/model/infinispan/src/test/java/org/keycloak/models/sessions/infinispan/initializer/DistributedCacheConcurrentWritesTest.java,,,,8,0,0,0,0,0,0,0,0,0,0,0,0,0,,,0,0,2,0,0,0
keycloak_5.0.0,DistributedCacheWriteSkewTest.java,/repo/model/infinispan/src/test/java/org/keycloak/models/sessions/infinispan/initializer/DistributedCacheWriteSkewTest.java,,,,2,0,0,0,0,0,0,0,0,0,0,0,0,0,,,0,0,0,0,0,0
keycloak_5.0.0,InitializerStateTest.java,/repo/model/infinispan/src/test/java/org/keycloak/models/sessions/infinispan/initializer/InitializerStateTest.java,,,,6,2,0,0,0,0,1,0,0,1,0,0,0,0,,,1,1,0,0,4,0
keycloak_5.0.0,L1SerializationIssueTest.java,/repo/model/infinispan/src/test/java/org/keycloak/models/sessions/infinispan/initializer/L1SerializationIssueTest.java,,,,4,0,1,0,0,0,1,0,0,0,0,0,0,1,,,0,1,1,0,1,0
keycloak_5.0.0,OutdatedTopologyExceptionReproducerTest.java,/repo/model/infinispan/src/test/java/org/keycloak/models/sessions/infinispan/initializer/OutdatedTopologyExceptionReproducerTest.java,,,,2,0,1,0,0,0,1,0,0,0,0,0,0,0,,,0,0,1,0,1,0
keycloak_5.0.0,JpaUtilsTest.java,/repo/model/jpa/src/test/java/org/keycloak/connections/jpa/util/JpaUtilsTest.java,,,,1,1,0,0,0,0,0,0,0,0,0,0,0,0,,,0,0,0,0,1,0
keycloak_5.0.0,KeyUtilsTest.java,/repo/model/jpa/src/test/java/org/keycloak/storage/jpa/KeyUtilsTest.java,,,,2,2,0,0,0,0,0,0,0,0,0,1,0,0,,,0,0,0,0,2,0
keycloak_5.0.0,SecurityActionsTest.java,/repo/saml-core/src/test/java/org/keycloak/saml/common/util/SecurityActionsTest.java,,,,3,0,3,0,0,0,0,0,0,0,0,0,0,0,,,0,3,0,0,3,0
keycloak_5.0.0,StaxParserUtilTest.java,/repo/saml-core/src/test/java/org/keycloak/saml/common/util/StaxParserUtilTest.java,,,,10,1,0,0,0,0,7,0,0,0,0,0,0,0,,,0,0,0,0,7,0
keycloak_5.0.0,SAMLAttributeQueryParserTest.java,/repo/saml-core/src/test/java/org/keycloak/saml/processing/core/parsers/saml/SAMLAttributeQueryParserTest.java,,,,3,2,0,0,0,0,2,0,0,0,0,0,0,0,,,0,0,0,0,2,0
keycloak_5.0.0,SAMLAuthNRequestParserTest.java,/repo/saml-core/src/test/java/org/keycloak/saml/processing/core/parsers/saml/SAMLAuthNRequestParserTest.java,,,,3,2,0,0,0,0,2,0,0,0,0,2,0,0,,,0,0,0,0,2,0
keycloak_5.0.0,SAMLParserTest.java,/repo/saml-core/src/test/java/org/keycloak/saml/processing/core/parsers/saml/SAMLParserTest.java,,,,59,24,4,0,0,0,54,0,0,0,0,0,0,0,,,5,13,1,0,54,0
keycloak_5.0.0,SAMLSloRequestParserTest.java,/repo/saml-core/src/test/java/org/keycloak/saml/processing/core/parsers/saml/SAMLSloRequestParserTest.java,,,,2,1,0,0,0,0,1,0,0,0,0,0,0,0,,,0,0,0,0,1,0
keycloak_5.0.0,AssertionUtilTest.java,/repo/saml-core/src/test/java/org/keycloak/saml/processing/core/saml/v2/util/AssertionUtilTest.java,,,,1,1,0,0,0,0,1,0,0,0,0,0,0,0,,,1,0,0,0,1,0
keycloak_5.0.0,SAMLAssertionWriterTest.java,/repo/saml-core/src/test/java/org/keycloak/saml/processing/core/saml/v2/writers/SAMLAssertionWriterTest.java,,,,1,0,0,0,0,0,1,0,0,0,0,0,0,0,,,0,0,0,0,1,0
keycloak_5.0.0,IDFedLSInputResolverTest.java,/repo/saml-core/src/test/java/org/keycloak/saml/processing/core/util/IDFedLSInputResolverTest.java,,,,1,0,1,0,0,0,1,0,0,0,0,0,0,0,,,0,1,0,0,1,0
keycloak_5.0.0,HmacTest.java,/repo/server-spi-private/src/test/java/org/keycloak/models/HmacTest.java,,,,1,0,0,0,0,0,1,0,0,1,0,0,0,0,,,0,0,0,0,1,0
keycloak_5.0.0,MigrationVersionTest.java,/repo/server-spi-private/src/test/java/org/keycloak/models/MigrationVersionTest.java,,,,1,1,0,0,0,0,0,0,0,0,0,0,0,0,,,0,0,0,0,1,0
keycloak_5.0.0,ProxyMappingsTest.java,/repo/services/src/test/java/org/keycloak/connections/httpclient/ProxyMappingsTest.java,,,,11,6,0,0,0,0,0,4,0,0,0,0,0,0,,,0,1,0,0,10,0
keycloak_5.0.0,LocaleNegotiatorTest.java,/repo/services/src/test/java/org/keycloak/locale/LocaleNegotiatorTest.java,,,,5,4,0,0,0,0,0,0,0,0,0,0,0,0,,,0,0,0,0,4,0
keycloak_5.0.0,DockerComposeYamlInstallationProviderTest.java,/repo/services/src/test/java/org/keycloak/procotol/docker/installation/DockerComposeYamlInstallationProviderTest.java,,,,14,0,0,0,0,0,1,1,0,0,0,0,0,0,,,0,0,1,0,1,0
keycloak_5.0.0,DockerKeyIdentifierTest.java,/repo/services/src/test/java/org/keycloak/procotol/docker/installation/DockerKeyIdentifierTest.java,,,,2,0,0,0,0,0,0,1,0,0,0,0,0,0,,,0,0,0,0,1,0
keycloak_5.0.0,OIDCAttributeMapperHelperTest.java,/repo/services/src/test/java/org/keycloak/protocol/oidc/mappers/OIDCAttributeMapperHelperTest.java,,,,1,1,0,0,0,0,0,0,0,0,0,0,0,0,,,0,0,0,0,1,0
keycloak_5.0.0,HostsTest.java,/repo/services/src/test/java/org/keycloak/services/clientregistration/policies/impl/HostsTest.java,,,,7,0,0,0,0,0,0,0,0,0,0,0,0,0,,,0,0,6,0,0,0
keycloak_5.0.0,OpenshiftV3IdentityProviderTest.java,/repo/services/src/test/java/org/keycloak/social/openshift/OpenshiftV3IdentityProviderTest.java,,,,3,0,0,0,0,0,2,0,0,0,0,0,0,0,,,0,0,0,0,2,0
keycloak_5.0.0,AbstractOAuth2IdentityProviderTest.java,/repo/services/src/test/java/org/keycloak/test/broker/oidc/AbstractOAuth2IdentityProviderTest.java,,,,11,4,0,0,0,0,1,0,0,0,0,0,0,0,,,0,0,0,0,9,0
keycloak_5.0.0,AbstractJsonUserAttributeMapperTest.java,/repo/services/src/test/java/org/keycloak/test/broker/oidc/mappers/AbstractJsonUserAttributeMapperTest.java,,,,6,5,0,0,0,0,5,0,0,0,0,0,0,0,,,0,0,0,0,5,0
keycloak_5.0.0,SAMLDataMarshallerTest.java,/repo/services/src/test/java/org/keycloak/test/broker/saml/SAMLDataMarshallerTest.java,,,,6,6,0,0,0,0,6,0,0,0,0,0,0,0,,,0,0,0,0,6,0
keycloak_5.0.0,SAMLParsingTest.java,/repo/services/src/test/java/org/keycloak/test/broker/saml/SAMLParsingTest.java,,,,1,0,0,0,0,0,1,0,0,0,0,0,0,0,,,0,0,0,0,1,0
keycloak_5.0.0,IdentityProviderBeanTest.java,/repo/services/src/test/java/org/keycloak/test/login/freemarker/model/IdentityProviderBeanTest.java,,,,2,2,0,0,0,0,0,0,0,0,0,0,0,0,,,1,0,0,0,2,0
keycloak_5.0.0,RealmKeyGenerator.java,/repo/services/src/test/java/org/keycloak/test/RealmKeyGenerator.java,,,,1,0,0,0,0,0,0,0,0,0,0,0,0,0,,,0,0,0,0,0,0
keycloak_5.0.0,ResponseTypeTest.java,/repo/services/src/test/java/org/keycloak/test/ResponseTypeTest.java,,,,4,1,0,0,0,0,0,0,0,0,0,0,0,0,,,1,0,0,0,2,0
keycloak_5.0.0,ValidationTest.java,/repo/services/src/test/java/org/keycloak/test/ValidationTest.java,,,,3,3,0,0,0,0,0,0,0,0,0,0,0,0,,,0,0,0,0,3,0
keycloak_5.0.0,LinkExpirationFormatterMethodTest.java,/repo/services/src/test/java/org/keycloak/theme/beans/LinkExpirationFormatterMethodTest.java,,,,13,6,0,0,0,0,12,0,0,0,0,0,0,0,,,0,0,0,0,12,0
keycloak_5.0.0,MessageFormatterMethodTest.java,/repo/services/src/test/java/org/keycloak/theme/beans/MessageFormatterMethodTest.java,,,,1,1,0,0,0,0,1,0,0,0,0,0,0,0,,,0,0,0,0,1,0
keycloak_5.0.0,KeycloakSanitizerTest.java,/repo/services/src/test/java/org/keycloak/theme/KeycloakSanitizerTest.java,,,,2,0,0,0,0,0,1,0,0,0,0,0,0,0,,,0,0,0,0,1,0
keycloak_5.0.0,PropertiesUtilTest.java,/repo/services/src/test/java/org/keycloak/theme/PropertiesUtilTest.java,,,,2,2,0,0,0,0,2,0,0,0,0,0,0,0,,,1,0,0,0,2,0
keycloak_5.0.0,AppServerContainerProvider.java,/repo/testsuite/integration-arquillian/servers/app-server/app-server-spi/src/main/java/org/keycloak/testsuite/arquillian/container/AppServerContainerProvider.java,,,,2,0,0,0,0,0,0,0,0,0,0,0,0,0,,,0,0,0,0,0,0
keycloak_5.0.0,AppServerContainerService.java,/repo/testsuite/integration-arquillian/servers/app-server/app-server-spi/src/main/java/org/keycloak/testsuite/arquillian/container/AppServerContainerService.java,,,,2,0,0,1,0,0,0,0,0,0,0,0,0,0,,,0,0,0,0,0,0
keycloak_5.0.0,EAPAppServerProvider.java,/repo/testsuite/integration-arquillian/servers/app-server/jboss/eap/src/main/java/org/keycloak/testsuite/arquillian/eap/container/EAPAppServerProvider.java,,,,7,0,0,1,0,0,0,0,0,0,0,0,0,0,,,0,0,0,0,0,0
keycloak_5.0.0,EAPDeploymentArchiveProcessor.java,/repo/testsuite/integration-arquillian/servers/app-server/jboss/eap/src/main/java/org/keycloak/testsuite/arquillian/eap/container/EAPDeploymentArchiveProcessor.java,,,,4,0,0,0,0,0,0,0,0,0,0,0,0,0,,,0,0,0,0,0,0
keycloak_5.0.0,EAPAppServerArquillianExtension.java,/repo/testsuite/integration-arquillian/servers/app-server/jboss/eap/src/main/java/org/keycloak/testsuite/arquillian/eap/EAPAppServerArquillianExtension.java,,,,1,0,0,0,0,0,0,0,0,0,0,0,0,0,,,0,0,0,0,0,0
keycloak_5.0.0,EAP6AppServerProvider.java,/repo/testsuite/integration-arquillian/servers/app-server/jboss/eap6/src/main/java/org/keycloak/testsuite/arquillian/eap/container/EAP6AppServerProvider.java,,,,6,0,0,1,0,0,0,0,0,0,0,0,0,0,,,0,0,0,0,0,0
keycloak_5.0.0,EAP6DeploymentArchiveProcessor.java,/repo/testsuite/integration-arquillian/servers/app-server/jboss/eap6/src/main/java/org/keycloak/testsuite/arquillian/eap/container/EAP6DeploymentArchiveProcessor.java,,,,4,0,0,0,0,0,0,0,0,0,0,0,0,0,,,0,0,0,0,0,0
keycloak_5.0.0,EAP6AppServerArquillianExtension.java,/repo/testsuite/integration-arquillian/servers/app-server/jboss/eap6/src/main/java/org/keycloak/testsuite/arquillian/eap/EAP6AppServerArquillianExtension.java,,,,1,0,0,0,0,0,0,0,0,0,0,0,0,0,,,0,0,0,0,0,0
keycloak_5.0.0,WildflyAppServerProvider.java,/repo/testsuite/integration-arquillian/servers/app-server/jboss/wildfly/src/main/java/org/keycloak/testsuite/arquillian/wildfly/container/WildflyAppServerProvider.java,,,,7,0,0,1,0,0,0,0,0,0,0,0,0,0,,,0,0,0,0,0,0
keycloak_5.0.0,WildflyDeploymentArchiveProcessor.java,/repo/testsuite/integration-arquillian/servers/app-server/jboss/wildfly/src/main/java/org/keycloak/testsuite/arquillian/wildfly/container/WildflyDeploymentArchiveProcessor.java,,,,4,0,0,0,0,0,0,0,0,0,0,0,0,0,,,0,0,0,0,0,0
keycloak_5.0.0,WildflyAppServerArquillianExtension.java,/repo/testsuite/integration-arquillian/servers/app-server/jboss/wildfly/src/main/java/org/keycloak/testsuite/arquillian/wildfly/WildflyAppServerArquillianExtension.java,,,,1,0,0,0,0,0,0,0,0,0,0,0,0,0,,,0,0,0,0,0,0
keycloak_5.0.0,WildflyDeprecatedAppServerProvider.java,/repo/testsuite/integration-arquillian/servers/app-server/jboss/wildfly-deprecated/src/main/java/org/keycloak/testsuite/arquillian/wildfly/container/WildflyDeprecatedAppServerProvider.java,,,,7,0,0,1,0,0,0,0,0,0,0,0,0,0,,,0,0,0,0,0,0
keycloak_5.0.0,WildflyDeprecatedDeploymentArchiveProcessor.java,/repo/testsuite/integration-arquillian/servers/app-server/jboss/wildfly-deprecated/src/main/java/org/keycloak/testsuite/arquillian/wildfly/container/WildflyDeprecatedDeploymentArchiveProcessor.java,,,,4,0,0,0,0,0,0,0,0,0,0,0,0,0,,,0,0,0,0,0,0
keycloak_5.0.0,WildflyDeprecatedAppServerArquillianExtension.java,/repo/testsuite/integration-arquillian/servers/app-server/jboss/wildfly-deprecated/src/main/java/org/keycloak/testsuite/arquillian/wildfly/WildflyDeprecatedAppServerArquillianExtension.java,,,,1,0,0,0,0,0,0,0,0,0,0,0,0,0,,,0,0,0,0,0,0
keycloak_5.0.0,Fuse63AppServerProvider.java,/repo/testsuite/integration-arquillian/servers/app-server/karaf/fuse63/src/main/java/org/keycloak/testsuite/arquillian/fuse/container/Fuse63AppServerProvider.java,,,,4,0,0,1,0,0,0,0,0,0,0,0,0,0,,,0,0,0,0,0,0
keycloak_5.0.0,Fuse63AppServerArquillianExtension.java,/repo/testsuite/integration-arquillian/servers/app-server/karaf/fuse63/src/main/java/org/keycloak/testsuite/arquillian/fuse/Fuse63AppServerArquillianExtension.java,,,,1,0,0,0,0,0,0,0,0,0,0,0,0,0,,,0,0,0,0,0,0
keycloak_5.0.0,Fuse7xAppServerProvider.java,/repo/testsuite/integration-arquillian/servers/app-server/karaf/fuse7x/src/main/java/org/keycloak/testsuite/arquillian/fuse/container/Fuse7xAppServerProvider.java,,,,4,0,0,1,0,0,0,0,0,0,0,0,0,0,,,0,0,0,0,0,0
keycloak_5.0.0,Fuse7xAppServerArquillianExtension.java,/repo/testsuite/integration-arquillian/servers/app-server/karaf/fuse7x/src/main/java/org/keycloak/testsuite/arquillian/fuse/Fuse7xAppServerArquillianExtension.java,,,,1,0,0,0,0,0,0,0,0,0,0,0,0,0,,,0,0,0,0,0,0
keycloak_5.0.0,UndertowAppServerProvider.java,/repo/testsuite/integration-arquillian/servers/app-server/undertow/src/main/java/org/keycloak/testsuite/arquillian/undertow/container/UndertowAppServerProvider.java,,,,5,0,0,0,0,0,0,0,0,0,0,0,0,0,,,0,0,0,0,0,0
keycloak_5.0.0,UndertowDeploymentArchiveProcessor.java,/repo/testsuite/integration-arquillian/servers/app-server/undertow/src/main/java/org/keycloak/testsuite/arquillian/undertow/container/UndertowDeploymentArchiveProcessor.java,,,,4,0,0,0,0,0,0,0,0,0,0,0,0,0,,,0,0,0,0,0,0
keycloak_5.0.0,RestSamlApplicationConfig.java,/repo/testsuite/integration-arquillian/servers/app-server/undertow/src/main/java/org/keycloak/testsuite/arquillian/undertow/saml/util/RestSamlApplicationConfig.java,,,,1,0,0,1,0,0,0,0,0,0,0,0,0,0,,,0,0,0,0,0,0
keycloak_5.0.0,UndertowAppServer.java,/repo/testsuite/integration-arquillian/servers/app-server/undertow/src/main/java/org/keycloak/testsuite/arquillian/undertow/UndertowAppServer.java,,,,13,0,0,0,0,0,0,0,0,0,0,0,0,0,,,0,0,0,0,0,0
keycloak_5.0.0,UndertowAppServerArquillianExtension.java,/repo/testsuite/integration-arquillian/servers/app-server/undertow/src/main/java/org/keycloak/testsuite/arquillian/undertow/UndertowAppServerArquillianExtension.java,,,,1,0,0,0,0,0,0,0,0,0,0,0,0,0,,,0,0,0,0,0,0
keycloak_5.0.0,UndertowAppServerConfiguration.java,/repo/testsuite/integration-arquillian/servers/app-server/undertow/src/main/java/org/keycloak/testsuite/arquillian/undertow/UndertowAppServerConfiguration.java,,,,3,0,0,0,0,0,0,0,0,0,0,0,0,0,,,0,0,0,0,0,0
keycloak_5.0.0,DummyRequiredActionFactory.java,/repo/testsuite/integration-arquillian/servers/auth-server/services/testsuite-providers/src/main/java/org/keycloak/testsuite/actions/DummyRequiredActionFactory.java,,,,6,0,0,0,0,0,0,0,0,0,0,0,0,0,,,0,0,0,0,0,0
keycloak_5.0.0,LoadBalancerController.java,/repo/testsuite/integration-arquillian/servers/auth-server/services/testsuite-providers/src/main/java/org/keycloak/testsuite/arquillian/LoadBalancerController.java,,,,4,0,0,0,0,0,0,0,0,0,0,0,0,0,,,0,0,0,0,0,0
keycloak_5.0.0,ExpectedParamAuthenticator.java,/repo/testsuite/integration-arquillian/servers/auth-server/services/testsuite-providers/src/main/java/org/keycloak/testsuite/authentication/ExpectedParamAuthenticator.java,,,,6,0,0,0,0,0,0,0,0,0,0,0,0,0,,,0,0,0,0,0,0
keycloak_5.0.0,ExpectedParamAuthenticatorFactory.java,/repo/testsuite/integration-arquillian/servers/auth-server/services/testsuite-providers/src/main/java/org/keycloak/testsuite/authentication/ExpectedParamAuthenticatorFactory.java,,,,12,0,0,0,0,0,0,0,0,0,0,0,0,0,,,0,0,0,0,0,0
keycloak_5.0.0,PushButtonAuthenticator.java,/repo/testsuite/integration-arquillian/servers/auth-server/services/testsuite-providers/src/main/java/org/keycloak/testsuite/authentication/PushButtonAuthenticator.java,,,,6,0,0,0,0,0,0,0,0,0,0,0,0,0,,,0,0,0,0,0,0
keycloak_5.0.0,PushButtonAuthenticatorFactory.java,/repo/testsuite/integration-arquillian/servers/auth-server/services/testsuite-providers/src/main/java/org/keycloak/testsuite/authentication/PushButtonAuthenticatorFactory.java,,,,12,0,0,0,0,0,0,0,0,0,0,0,0,0,,,0,0,0,0,0,0
keycloak_5.0.0,TestPolicyProviderFactory.java,/repo/testsuite/integration-arquillian/servers/auth-server/services/testsuite-providers/src/main/java/org/keycloak/testsuite/authorization/TestPolicyProviderFactory.java,,,,11,0,0,0,0,0,0,0,0,0,0,0,0,0,,,0,0,0,0,0,0
keycloak_5.0.0,TestImplProviderFactory.java,/repo/testsuite/integration-arquillian/servers/auth-server/services/testsuite-providers/src/main/java/org/keycloak/testsuite/components/TestImplProviderFactory.java,,,,8,0,0,0,0,0,0,0,0,0,0,0,0,0,,,0,0,0,0,0,0
keycloak_5.0.0,TestProvider.java,/repo/testsuite/integration-arquillian/servers/auth-server/services/testsuite-providers/src/main/java/org/keycloak/testsuite/components/TestProvider.java,,,,1,0,0,0,0,0,0,0,0,0,0,0,0,0,,,0,0,0,0,0,0
keycloak_5.0.0,TestProviderFactory.java,/repo/testsuite/integration-arquillian/servers/auth-server/services/testsuite-providers/src/main/java/org/keycloak/testsuite/components/TestProviderFactory.java,,,,0,0,0,0,0,0,0,0,0,0,0,0,0,0,,,0,0,0,0,0,0
keycloak_5.0.0,TestSpi.java,/repo/testsuite/integration-arquillian/servers/auth-server/services/testsuite-providers/src/main/java/org/keycloak/testsuite/components/TestSpi.java,,,,4,0,0,0,0,0,0,0,0,0,0,0,0,0,,,0,0,0,0,0,0
keycloak_5.0.0,CompanyRepresentation.java,/repo/testsuite/integration-arquillian/servers/auth-server/services/testsuite-providers/src/main/java/org/keycloak/testsuite/domainextension/CompanyRepresentation.java,,,,4,0,0,2,0,0,0,0,0,0,0,0,0,0,,,0,0,0,0,0,0
keycloak_5.0.0,Company.java,/repo/testsuite/integration-arquillian/servers/auth-server/services/testsuite-providers/src/main/java/org/keycloak/testsuite/domainextension/jpa/Company.java,,,,6,0,0,0,0,0,0,0,0,0,0,0,0,0,,,0,0,0,0,0,0
keycloak_5.0.0,ExampleJpaEntityProvider.java,/repo/testsuite/integration-arquillian/servers/auth-server/services/testsuite-providers/src/main/java/org/keycloak/testsuite/domainextension/jpa/ExampleJpaEntityProvider.java,,,,4,0,0,0,0,0,0,0,0,0,0,0,0,0,,,0,0,0,0,0,0
keycloak_5.0.0,ExampleJpaEntityProviderFactory.java,/repo/testsuite/integration-arquillian/servers/auth-server/services/testsuite-providers/src/main/java/org/keycloak/testsuite/domainextension/jpa/ExampleJpaEntityProviderFactory.java,,,,5,0,0,0,0,0,0,0,0,0,0,0,0,0,,,0,0,0,0,0,0
keycloak_5.0.0,CompanyResource.java,/repo/testsuite/integration-arquillian/servers/auth-server/services/testsuite-providers/src/main/java/org/keycloak/testsuite/domainextension/rest/CompanyResource.java,,,,4,0,0,1,0,0,0,0,0,0,0,0,0,0,,,0,0,0,0,0,0
keycloak_5.0.0,ExampleRealmResourceProvider.java,/repo/testsuite/integration-arquillian/servers/auth-server/services/testsuite-providers/src/main/java/org/keycloak/testsuite/domainextension/rest/ExampleRealmResourceProvider.java,,,,2,0,0,1,0,0,0,0,0,0,0,0,0,0,,,0,0,0,0,0,0
keycloak_5.0.0,ExampleRealmResourceProviderFactory.java,/repo/testsuite/integration-arquillian/servers/auth-server/services/testsuite-providers/src/main/java/org/keycloak/testsuite/domainextension/rest/ExampleRealmResourceProviderFactory.java,,,,5,0,0,0,0,0,0,0,0,0,0,0,0,0,,,0,0,0,0,0,0
keycloak_5.0.0,ExampleRestResource.java,/repo/testsuite/integration-arquillian/servers/auth-server/services/testsuite-providers/src/main/java/org/keycloak/testsuite/domainextension/rest/ExampleRestResource.java,,,,3,0,0,1,0,0,0,0,0,0,0,0,0,0,,,0,0,0,0,0,0
keycloak_5.0.0,ExampleService.java,/repo/testsuite/integration-arquillian/servers/auth-server/services/testsuite-providers/src/main/java/org/keycloak/testsuite/domainextension/spi/ExampleService.java,,,,4,0,0,0,0,0,0,0,0,0,0,0,0,0,,,0,0,0,0,0,0
keycloak_5.0.0,ExampleServiceProviderFactory.java,/repo/testsuite/integration-arquillian/servers/auth-server/services/testsuite-providers/src/main/java/org/keycloak/testsuite/domainextension/spi/ExampleServiceProviderFactory.java,,,,0,0,0,0,0,0,0,0,0,0,0,0,0,0,,,0,0,0,0,0,0
keycloak_5.0.0,ExampleSpi.java,/repo/testsuite/integration-arquillian/servers/auth-server/services/testsuite-providers/src/main/java/org/keycloak/testsuite/domainextension/spi/ExampleSpi.java,,,,4,0,0,0,0,0,0,0,0,0,0,0,0,0,,,0,0,0,0,0,0
keycloak_5.0.0,ExampleServiceImpl.java,/repo/testsuite/integration-arquillian/servers/auth-server/services/testsuite-providers/src/main/java/org/keycloak/testsuite/domainextension/spi/impl/ExampleServiceImpl.java,,,,7,0,0,1,0,0,0,0,0,0,0,0,0,0,,,0,0,0,0,0,0
keycloak_5.0.0,ExampleServiceProviderFactoryImpl.java,/repo/testsuite/integration-arquillian/servers/auth-server/services/testsuite-providers/src/main/java/org/keycloak/testsuite/domainextension/spi/impl/ExampleServiceProviderFactoryImpl.java,,,,5,0,0,0,0,0,0,0,0,0,0,0,0,0,,,0,0,0,0,0,0
keycloak_5.0.0,EventsListenerProvider.java,/repo/testsuite/integration-arquillian/servers/auth-server/services/testsuite-providers/src/main/java/org/keycloak/testsuite/events/EventsListenerProvider.java,,,,8,0,0,0,0,0,0,0,0,0,0,0,0,0,,,0,0,0,0,0,0
keycloak_5.0.0,EventsListenerProviderFactory.java,/repo/testsuite/integration-arquillian/servers/auth-server/services/testsuite-providers/src/main/java/org/keycloak/testsuite/events/EventsListenerProviderFactory.java,,,,5,0,0,0,0,0,0,0,0,0,0,0,0,0,,,0,0,0,0,0,0
keycloak_5.0.0,DummyUserFederationProvider.java,/repo/testsuite/integration-arquillian/servers/auth-server/services/testsuite-providers/src/main/java/org/keycloak/testsuite/federation/DummyUserFederationProvider.java,,,,13,0,0,1,0,0,0,0,0,0,0,0,0,0,,,0,0,0,0,0,0
keycloak_5.0.0,DummyUserFederationProviderFactory.java,/repo/testsuite/integration-arquillian/servers/auth-server/services/testsuite-providers/src/main/java/org/keycloak/testsuite/federation/DummyUserFederationProviderFactory.java,,,,10,0,0,0,0,0,0,0,0,0,0,0,0,0,,,0,0,0,0,0,0
keycloak_5.0.0,FailableHardcodedStorageProvider.java,/repo/testsuite/integration-arquillian/servers/auth-server/services/testsuite-providers/src/main/java/org/keycloak/testsuite/federation/FailableHardcodedStorageProvider.java,,,,24,0,0,1,0,0,0,0,0,0,0,0,0,0,,,0,0,0,0,0,0
keycloak_5.0.0,FailableHardcodedStorageProviderFactory.java,/repo/testsuite/integration-arquillian/servers/auth-server/services/testsuite-providers/src/main/java/org/keycloak/testsuite/federation/FailableHardcodedStorageProviderFactory.java,,,,5,0,0,0,0,0,0,0,0,0,0,0,0,0,,,0,0,0,0,0,0
keycloak_5.0.0,HardcodedClientStorageProvider.java,/repo/testsuite/integration-arquillian/servers/auth-server/services/testsuite-providers/src/main/java/org/keycloak/testsuite/federation/HardcodedClientStorageProvider.java,,,,3,0,0,1,0,0,0,0,0,0,0,0,0,0,,,0,0,0,0,0,0
keycloak_5.0.0,HardcodedClientStorageProviderFactory.java,/repo/testsuite/integration-arquillian/servers/auth-server/services/testsuite-providers/src/main/java/org/keycloak/testsuite/federation/HardcodedClientStorageProviderFactory.java,,,,3,0,0,0,0,0,0,0,0,0,0,0,0,0,,,0,0,0,0,0,0
keycloak_5.0.0,PassThroughFederatedUserStorageProvider.java,/repo/testsuite/integration-arquillian/servers/auth-server/services/testsuite-providers/src/main/java/org/keycloak/testsuite/federation/PassThroughFederatedUserStorageProvider.java,,,,12,0,0,1,0,0,0,0,0,0,0,0,0,0,,,0,0,0,0,0,0
keycloak_5.0.0,PassThroughFederatedUserStorageProviderFactory.java,/repo/testsuite/integration-arquillian/servers/auth-server/services/testsuite-providers/src/main/java/org/keycloak/testsuite/federation/PassThroughFederatedUserStorageProviderFactory.java,,,,2,0,0,0,0,0,0,0,0,0,0,0,0,0,,,0,0,0,0,0,0
keycloak_5.0.0,SyncDummyUserFederationProviderFactory.java,/repo/testsuite/integration-arquillian/servers/auth-server/services/testsuite-providers/src/main/java/org/keycloak/testsuite/federation/sync/SyncDummyUserFederationProviderFactory.java,,,,4,0,0,0,0,0,0,0,0,0,0,0,0,0,,,0,0,0,0,0,0
keycloak_5.0.0,UserMapStorage.java,/repo/testsuite/integration-arquillian/servers/auth-server/services/testsuite-providers/src/main/java/org/keycloak/testsuite/federation/UserMapStorage.java,,,,16,0,0,1,0,0,0,0,0,0,0,0,0,0,,,0,0,0,0,0,0
keycloak_5.0.0,UserMapStorageFactory.java,/repo/testsuite/integration-arquillian/servers/auth-server/services/testsuite-providers/src/main/java/org/keycloak/testsuite/federation/UserMapStorageFactory.java,,,,6,0,0,0,0,0,0,0,0,0,0,0,0,0,,,0,0,0,0,0,0
keycloak_5.0.0,UserPropertyFileStorage.java,/repo/testsuite/integration-arquillian/servers/auth-server/services/testsuite-providers/src/main/java/org/keycloak/testsuite/federation/UserPropertyFileStorage.java,,,,21,0,0,1,0,0,0,0,0,0,0,0,0,0,,,0,0,0,0,0,0
keycloak_5.0.0,UserPropertyFileStorageFactory.java,/repo/testsuite/integration-arquillian/servers/auth-server/services/testsuite-providers/src/main/java/org/keycloak/testsuite/federation/UserPropertyFileStorageFactory.java,,,,9,0,0,0,0,0,0,0,0,0,0,0,0,0,,,0,0,0,0,0,0
keycloak_5.0.0,ClickThroughAuthenticator.java,/repo/testsuite/integration-arquillian/servers/auth-server/services/testsuite-providers/src/main/java/org/keycloak/testsuite/forms/ClickThroughAuthenticator.java,,,,17,0,0,0,0,0,0,0,0,0,0,0,0,0,,,0,0,0,0,0,0
keycloak_5.0.0,DummyClientAuthenticator.java,/repo/testsuite/integration-arquillian/servers/auth-server/services/testsuite-providers/src/main/java/org/keycloak/testsuite/forms/DummyClientAuthenticator.java,,,,10,0,0,0,0,0,0,0,0,0,0,0,0,0,,,0,0,0,0,0,0
keycloak_5.0.0,PassThroughAuthenticator.java,/repo/testsuite/integration-arquillian/servers/auth-server/services/testsuite-providers/src/main/java/org/keycloak/testsuite/forms/PassThroughAuthenticator.java,,,,17,0,0,0,0,0,0,0,0,0,0,0,0,0,,,0,0,0,0,0,0
keycloak_5.0.0,PassThroughClientAuthenticator.java,/repo/testsuite/integration-arquillian/servers/auth-server/services/testsuite-providers/src/main/java/org/keycloak/testsuite/forms/PassThroughClientAuthenticator.java,,,,10,0,0,0,0,0,0,0,0,0,0,0,0,0,,,0,0,0,0,0,0
keycloak_5.0.0,PassThroughRegistration.java,/repo/testsuite/integration-arquillian/servers/auth-server/services/testsuite-providers/src/main/java/org/keycloak/testsuite/forms/PassThroughRegistration.java,,,,17,0,0,0,0,0,0,0,0,0,0,0,0,0,,,0,0,0,0,0,0
keycloak_5.0.0,UsernameOnlyAuthenticator.java,/repo/testsuite/integration-arquillian/servers/auth-server/services/testsuite-providers/src/main/java/org/keycloak/testsuite/forms/UsernameOnlyAuthenticator.java,,,,17,0,0,0,0,0,0,0,0,0,0,0,0,0,,,0,0,0,0,0,0
keycloak_5.0.0,AuthenticatorState.java,/repo/testsuite/integration-arquillian/servers/auth-server/services/testsuite-providers/src/main/java/org/keycloak/testsuite/rest/representation/AuthenticatorState.java,,,,4,0,0,0,0,0,0,0,0,0,0,0,0,0,,,0,0,0,0,0,0
keycloak_5.0.0,JGroupsStats.java,/repo/testsuite/integration-arquillian/servers/auth-server/services/testsuite-providers/src/main/java/org/keycloak/testsuite/rest/representation/JGroupsStats.java,,,,9,0,0,2,0,0,0,0,0,0,0,0,0,0,,,0,0,0,0,0,0
keycloak_5.0.0,RemoteCacheStats.java,/repo/testsuite/integration-arquillian/servers/auth-server/services/testsuite-providers/src/main/java/org/keycloak/testsuite/rest/representation/RemoteCacheStats.java,,,,6,0,0,0,0,0,0,0,0,0,0,0,0,0,,,0,0,0,0,0,0
keycloak_5.0.0,TestCacheResource.java,/repo/testsuite/integration-arquillian/servers/auth-server/services/testsuite-providers/src/main/java/org/keycloak/testsuite/rest/resource/TestCacheResource.java,,,,9,0,0,1,0,0,0,0,0,0,0,0,0,0,,,0,0,0,0,0,0
keycloak_5.0.0,TestingExportImportResource.java,/repo/testsuite/integration-arquillian/servers/auth-server/services/testsuite-providers/src/main/java/org/keycloak/testsuite/rest/resource/TestingExportImportResource.java,,,,13,0,0,1,0,0,0,0,0,0,0,0,0,0,,,0,0,0,0,0,0
keycloak_5.0.0,TestingOIDCEndpointsApplicationResource.java,/repo/testsuite/integration-arquillian/servers/auth-server/services/testsuite-providers/src/main/java/org/keycloak/testsuite/rest/resource/TestingOIDCEndpointsApplicationResource.java,,,,9,0,0,1,0,0,0,0,0,0,0,0,0,0,,,0,0,0,0,0,0
keycloak_5.0.0,TestJavascriptResource.java,/repo/testsuite/integration-arquillian/servers/auth-server/services/testsuite-providers/src/main/java/org/keycloak/testsuite/rest/resource/TestJavascriptResource.java,,,,4,0,0,0,0,0,0,0,0,0,0,0,0,0,,,0,0,0,0,0,0
keycloak_5.0.0,TestLDAPResource.java,/repo/testsuite/integration-arquillian/servers/auth-server/services/testsuite-providers/src/main/java/org/keycloak/testsuite/rest/resource/TestLDAPResource.java,,,,4,0,0,1,0,0,0,0,0,0,0,0,0,0,,,0,0,0,0,0,0
keycloak_5.0.0,TestApplicationResourceProvider.java,/repo/testsuite/integration-arquillian/servers/auth-server/services/testsuite-providers/src/main/java/org/keycloak/testsuite/rest/TestApplicationResourceProvider.java,,,,13,0,0,1,0,0,1,0,0,0,0,0,0,0,,,0,1,0,0,1,0
keycloak_5.0.0,TestApplicationResourceProviderFactory.java,/repo/testsuite/integration-arquillian/servers/auth-server/services/testsuite-providers/src/main/java/org/keycloak/testsuite/rest/TestApplicationResourceProviderFactory.java,,,,5,0,0,0,0,0,0,0,0,0,0,0,0,0,,,0,0,0,0,0,0
keycloak_5.0.0,TestingResourceProvider.java,/repo/testsuite/integration-arquillian/servers/auth-server/services/testsuite-providers/src/main/java/org/keycloak/testsuite/rest/TestingResourceProvider.java,,,,52,0,0,1,0,0,0,0,0,0,0,0,0,0,,,0,0,0,0,0,0
keycloak_5.0.0,TestingResourceProviderFactory.java,/repo/testsuite/integration-arquillian/servers/auth-server/services/testsuite-providers/src/main/java/org/keycloak/testsuite/rest/TestingResourceProviderFactory.java,,,,5,0,0,0,0,0,0,0,0,0,0,0,0,0,,,0,0,0,0,0,0
keycloak_5.0.0,TestSamlApplicationResourceProvider.java,/repo/testsuite/integration-arquillian/servers/auth-server/services/testsuite-providers/src/main/java/org/keycloak/testsuite/rest/TestSamlApplicationResourceProvider.java,,,,11,0,0,1,0,0,1,0,0,0,0,0,0,0,,,0,1,0,0,1,0
keycloak_5.0.0,TestSamlApplicationResourceProviderFactory.java,/repo/testsuite/integration-arquillian/servers/auth-server/services/testsuite-providers/src/main/java/org/keycloak/testsuite/rest/TestSamlApplicationResourceProviderFactory.java,,,,5,0,0,0,0,0,0,0,0,0,0,0,0,0,,,0,0,0,0,0,0
keycloak_5.0.0,FetchOnServer.java,/repo/testsuite/integration-arquillian/servers/auth-server/services/testsuite-providers/src/main/java/org/keycloak/testsuite/runonserver/FetchOnServer.java,,,,1,0,0,0,0,0,0,0,0,0,0,0,0,0,,,0,0,0,0,0,0
keycloak_5.0.0,FetchOnServerWrapper.java,/repo/testsuite/integration-arquillian/servers/auth-server/services/testsuite-providers/src/main/java/org/keycloak/testsuite/runonserver/FetchOnServerWrapper.java,,,,2,0,0,0,0,0,0,0,0,0,0,0,0,0,,,0,0,0,0,0,0
keycloak_5.0.0,ModuleUtil.java,/repo/testsuite/integration-arquillian/servers/auth-server/services/testsuite-providers/src/main/java/org/keycloak/testsuite/runonserver/ModuleUtil.java,,,,2,0,0,0,0,0,0,0,0,0,0,0,0,0,,,0,0,0,0,0,0
keycloak_5.0.0,RunHelpers.java,/repo/testsuite/integration-arquillian/servers/auth-server/services/testsuite-providers/src/main/java/org/keycloak/testsuite/runonserver/RunHelpers.java,,,,2,0,0,0,0,0,0,0,0,0,0,0,0,0,,,0,0,0,0,0,0
keycloak_5.0.0,RunOnServer.java,/repo/testsuite/integration-arquillian/servers/auth-server/services/testsuite-providers/src/main/java/org/keycloak/testsuite/runonserver/RunOnServer.java,,,,1,0,0,0,0,0,0,0,0,0,0,0,0,0,,,0,0,0,0,0,0
keycloak_5.0.0,RunOnServerException.java,/repo/testsuite/integration-arquillian/servers/auth-server/services/testsuite-providers/src/main/java/org/keycloak/testsuite/runonserver/RunOnServerException.java,,,,0,0,0,1,0,0,0,0,0,0,0,0,0,0,,,0,0,0,0,0,0
keycloak_5.0.0,SerializationUtil.java,/repo/testsuite/integration-arquillian/servers/auth-server/services/testsuite-providers/src/main/java/org/keycloak/testsuite/runonserver/SerializationUtil.java,,,,4,0,0,0,0,0,0,0,0,0,0,0,0,0,,,0,0,0,0,0,0
keycloak_5.0.0,TestThemeResourceProvider.java,/repo/testsuite/integration-arquillian/servers/auth-server/services/testsuite-providers/src/main/java/org/keycloak/testsuite/theme/TestThemeResourceProvider.java,,,,0,0,0,1,0,0,0,0,0,0,0,0,0,0,,,0,0,0,0,0,0
keycloak_5.0.0,LDAPTestUtils.java,/repo/testsuite/integration-arquillian/servers/auth-server/services/testsuite-providers/src/main/java/org/keycloak/testsuite/util/LDAPTestUtils.java,,,,21,0,0,0,0,0,0,0,0,0,0,0,0,0,,,0,0,0,0,0,0
keycloak_5.0.0,KeycloakOnUndertow.java,/repo/testsuite/integration-arquillian/servers/auth-server/undertow/src/main/java/org/keycloak/testsuite/arquillian/undertow/KeycloakOnUndertow.java,,,,14,0,0,0,0,0,0,0,0,0,0,0,0,0,,,0,0,0,0,0,0
keycloak_5.0.0,KeycloakOnUndertowArquillianExtension.java,/repo/testsuite/integration-arquillian/servers/auth-server/undertow/src/main/java/org/keycloak/testsuite/arquillian/undertow/KeycloakOnUndertowArquillianExtension.java,,,,1,0,0,0,0,0,0,0,0,0,0,0,0,0,,,0,0,0,0,0,0
keycloak_5.0.0,KeycloakOnUndertowConfiguration.java,/repo/testsuite/integration-arquillian/servers/auth-server/undertow/src/main/java/org/keycloak/testsuite/arquillian/undertow/KeycloakOnUndertowConfiguration.java,,,,18,0,0,0,0,0,0,0,0,0,0,0,0,0,,,0,0,0,0,0,0
keycloak_5.0.0,SimpleUndertowLoadBalancer.java,/repo/testsuite/integration-arquillian/servers/auth-server/undertow/src/main/java/org/keycloak/testsuite/arquillian/undertow/lb/SimpleUndertowLoadBalancer.java,,,,9,0,0,1,0,0,0,0,0,0,0,0,0,0,,,0,0,0,0,0,0
keycloak_5.0.0,SimpleUndertowLoadBalancerConfiguration.java,/repo/testsuite/integration-arquillian/servers/auth-server/undertow/src/main/java/org/keycloak/testsuite/arquillian/undertow/lb/SimpleUndertowLoadBalancerConfiguration.java,,,,9,0,0,0,0,0,0,0,0,0,0,0,0,0,,,0,0,0,0,0,0
keycloak_5.0.0,SimpleUndertowLoadBalancerContainer.java,/repo/testsuite/integration-arquillian/servers/auth-server/undertow/src/main/java/org/keycloak/testsuite/arquillian/undertow/lb/SimpleUndertowLoadBalancerContainer.java,,,,13,0,0,0,0,0,0,0,0,0,0,0,0,0,,,0,0,0,0,0,0
keycloak_5.0.0,TLSUtils.java,/repo/testsuite/integration-arquillian/servers/auth-server/undertow/src/main/java/org/keycloak/testsuite/arquillian/undertow/TLSUtils.java,,,,1,0,0,1,0,0,0,0,0,0,0,0,0,0,,,0,0,0,0,0,0
keycloak_5.0.0,Controller.java,/repo/testsuite/integration-arquillian/test-apps/app-profile-jee/src/main/java/org/keycloak/quickstart/profilejee/Controller.java,,,,8,0,0,0,0,0,0,0,0,0,0,0,0,0,,,0,0,0,0,0,0
keycloak_5.0.0,DataApplication.java,/repo/testsuite/integration-arquillian/test-apps/cors/database-service/src/main/java/org/keycloak/example/oauth/DataApplication.java,,,,0,0,0,0,0,0,0,0,0,0,0,0,0,0,,,0,0,0,0,0,0
keycloak_5.0.0,ProductService.java,/repo/testsuite/integration-arquillian/test-apps/cors/database-service/src/main/java/org/keycloak/example/oauth/ProductService.java,,,,1,0,0,0,0,0,0,0,0,0,0,0,0,0,,,0,0,0,0,0,0
keycloak_5.0.0,CamelHelloProcessor.java,/repo/testsuite/integration-arquillian/test-apps/fuse/camel/src/main/java/org/keycloak/example/CamelHelloProcessor.java,,,,1,0,0,0,0,0,0,0,0,0,0,0,0,0,,,0,0,0,0,0,0
keycloak_5.0.0,CamelHelloProcessor.java,/repo/testsuite/integration-arquillian/test-apps/fuse/camel-fuse7-undertow/src/main/java/org/keycloak/example/CamelHelloProcessor.java,,,,1,0,0,0,0,0,0,0,0,0,0,0,0,0,,,0,0,0,0,0,0
keycloak_5.0.0,CamelClient.java,/repo/testsuite/integration-arquillian/test-apps/fuse/customer-app-fuse/src/main/java/org/keycloak/example/CamelClient.java,,,,2,0,0,0,0,0,0,0,0,0,0,0,0,0,,,0,0,0,0,0,0
keycloak_5.0.0,CxfRsClient.java,/repo/testsuite/integration-arquillian/test-apps/fuse/customer-app-fuse/src/main/java/org/keycloak/example/CxfRsClient.java,,,,2,0,0,0,0,0,0,0,0,0,0,0,0,0,,,0,0,0,0,0,0
keycloak_5.0.0,CxfCustomerService.java,/repo/testsuite/integration-arquillian/test-apps/fuse/cxf-jaxrs/src/main/java/org/keycloak/example/rs/CxfCustomerService.java,,,,1,0,0,0,0,0,0,0,0,0,0,0,0,0,,,0,0,0,0,0,0
keycloak_5.0.0,CxfCustomerService.java,/repo/testsuite/integration-arquillian/test-apps/fuse/cxf-jaxrs-fuse7-undertow/src/main/java/org/keycloak/example/rs/CxfCustomerService.java,,,,1,0,0,0,0,0,0,0,0,0,0,0,0,0,,,0,0,0,0,0,0
keycloak_5.0.0,Product.java,/repo/testsuite/integration-arquillian/test-apps/fuse/cxf-jaxws/src/main/java/org/keycloak/example/ws/Product.java,,,,1,0,0,0,0,0,0,0,0,0,0,0,0,0,,,0,0,0,0,0,0
keycloak_5.0.0,ProductImpl.java,/repo/testsuite/integration-arquillian/test-apps/fuse/cxf-jaxws/src/main/java/org/keycloak/example/ws/ProductImpl.java,,,,1,0,0,0,0,0,0,0,0,0,0,0,0,0,,,0,0,0,0,0,0
keycloak_5.0.0,GetProduct.java,/repo/testsuite/integration-arquillian/test-apps/fuse/cxf-jaxws/src/main/java/org/keycloak/example/ws/types/GetProduct.java,,,,2,0,0,0,0,0,0,0,0,0,0,0,0,0,,,0,0,0,0,0,0
keycloak_5.0.0,GetProductResponse.java,/repo/testsuite/integration-arquillian/test-apps/fuse/cxf-jaxws/src/main/java/org/keycloak/example/ws/types/GetProductResponse.java,,,,4,0,0,0,0,0,0,0,0,0,0,0,0,0,,,0,0,0,0,0,0
keycloak_5.0.0,ObjectFactory.java,/repo/testsuite/integration-arquillian/test-apps/fuse/cxf-jaxws/src/main/java/org/keycloak/example/ws/types/ObjectFactory.java,,,,3,0,0,1,0,0,0,0,0,0,0,0,0,0,,,0,0,0,0,0,0
